{"frameRate":36,"name":"角色4","armature":[{"name":"redcap","bone":[{"transform":{"scY":0.25,"skY":6.24,"x":5.25,"scX":0.25,"y":9.15,"skX":6.24},"name":"footL","parent":"body"},{"transform":{"scY":0.25,"skY":135,"x":13.8,"scX":0.25,"y":-2.2,"skX":135},"name":"handL","parent":"armL"},{"transform":{"scY":0.25,"skY":-45,"x":6.9,"scX":0.25,"y":-9.1,"skX":-45},"name":"armL","parent":"body"},{"transform":{"scY":0.25,"skY":-6.47,"x":-4.25,"scX":0.25,"y":8.95,"skX":-6.47},"name":"footR","parent":"body"},{"transform":{"scY":0.25,"skY":0,"x":0,"scX":0.25,"y":-2,"skX":0},"name":"body"},{"transform":{"scY":0.25,"skY":45,"x":-7.35,"scX":0.25,"y":-9.05,"skX":45},"name":"armR","parent":"body"},{"transform":{"scY":0.25,"skY":0,"x":-0.3,"scX":0.25,"y":-11.5,"skX":0},"name":"head","parent":"body"},{"transform":{"scY":0.25,"skY":45,"x":-14.25,"scX":0.25,"y":-2.1,"skX":45},"name":"handR","parent":"armR"}],"skin":[{"slot":[{"name":"footL","z":0,"display":[{"transform":{"scY":1,"x":-13.15,"pX":0,"y":-9.65,"skX":0,"pY":0,"skY":0,"scX":1},"name":"legL","type":"image"}],"parent":"footL"},{"name":"handL","z":1,"display":[{"transform":{"scY":1,"x":-9.75,"pX":0,"y":-9.75,"skX":0,"pY":0,"skY":0,"scX":1},"name":"handL","type":"image"}],"parent":"handL"},{"name":"armL","z":2,"display":[{"transform":{"scY":1,"x":-9.5,"pX":0,"y":-7.2,"skX":0,"pY":0,"skY":0,"scX":1},"name":"armL","type":"image"}],"parent":"armL"},{"name":"footR","z":3,"display":[{"transform":{"scY":1,"x":-25.5,"pX":0.1,"y":-8.95,"skX":0,"pY":-0.1,"skY":0,"scX":1},"name":"legR","type":"image"}],"parent":"footR"},{"name":"body","z":4,"display":[{"transform":{"scY":1,"x":-48.4,"pX":0,"y":-48.6,"skX":0,"pY":0,"skY":0,"scX":1},"name":"body","type":"image"}],"parent":"body"},{"name":"armR","z":5,"display":[{"transform":{"scY":1,"x":-9.45,"pX":0,"y":-7.25,"skX":0,"pY":0,"skY":0,"scX":1},"name":"armR","type":"image"}],"parent":"armR"},{"name":"head","z":6,"display":[{"transform":{"scY":1,"x":-96.6,"pX":0,"y":-125,"skX":0,"pY":0,"skY":0,"scX":1},"name":"head","type":"image"}],"parent":"head"},{"name":"handR","z":7,"display":[{"transform":{"scY":1,"x":-9.6,"pX":0,"y":-9.9,"skX":0,"pY":0,"skY":0,"scX":1},"name":"handR","type":"image"}],"parent":"handR"}],"name":"default"}],"animation":[{"autoTween":1,"timeline":[{"name":"footL","scale":1,"frame":[{"z":0,"duration":10,"transform":{"scY":0.25,"x":5.25,"pX":0,"y":9.15,"skX":6.24,"pY":0,"skY":6.24,"scX":0.25},"tweenEasing":0},{"z":0,"duration":10,"transform":{"scY":0.25,"x":5.25,"pX":0.05,"y":9.15,"skX":4.66,"pY":0.05,"skY":4.66,"scX":0.25},"tweenEasing":0},{"z":0,"duration":1,"transform":{"scY":0.25,"x":5.25,"pX":0,"y":9.15,"skX":6.24,"pY":0,"skY":6.24,"scX":0.25},"tweenEasing":0}],"offset":0},{"name":"handL","scale":1,"frame":[{"z":1,"duration":10,"transform":{"scY":0.25,"x":13.8,"pX":0,"y":-2.2,"skX":135,"pY":0,"skY":135,"scX":0.25},"tweenEasing":0},{"z":1,"duration":10,"transform":{"scY":0.25,"x":12.85,"pX":0.05,"y":-0.8,"skX":142.47,"pY":0,"skY":142.47,"scX":0.25},"tweenEasing":0},{"z":1,"duration":1,"transform":{"scY":0.25,"x":13.8,"pX":0,"y":-2.2,"skX":135,"pY":0,"skY":135,"scX":0.25},"tweenEasing":0}],"offset":0},{"name":"armL","scale":1,"frame":[{"z":2,"duration":10,"transform":{"scY":0.25,"x":6.9,"pX":0,"y":-9.1,"skX":-45,"pY":0,"skY":-45,"scX":0.25},"tweenEasing":0},{"z":2,"duration":10,"transform":{"scY":0.25,"x":6.9,"pX":-0.2,"y":-8.55,"skX":-37.53,"pY":0.05,"skY":-37.53,"scX":0.25},"tweenEasing":0},{"z":2,"duration":1,"transform":{"scY":0.25,"x":6.9,"pX":0,"y":-9.1,"skX":-45,"pY":0,"skY":-45,"scX":0.25},"tweenEasing":0}],"offset":0},{"name":"footR","scale":1,"frame":[{"z":3,"duration":10,"transform":{"scY":0.25,"x":-4.25,"pX":0,"y":8.95,"skX":-6.47,"pY":0,"skY":-6.47,"scX":0.25},"tweenEasing":0},{"z":3,"duration":10,"transform":{"scY":0.25,"x":-4.25,"pX":-0.2,"y":8.95,"skX":-5.42,"pY":0.05,"skY":-5.41,"scX":0.25},"tweenEasing":0},{"z":3,"duration":1,"transform":{"scY":0.25,"x":-4.25,"pX":0,"y":8.95,"skX":-6.47,"pY":0,"skY":-6.47,"scX":0.25},"tweenEasing":0}],"offset":0},{"name":"body","scale":1,"frame":[{"z":4,"duration":10,"transform":{"scY":0.25,"x":0,"pX":0,"y":-2,"skX":0,"pY":0,"skY":0,"scX":0.25},"tweenEasing":0},{"z":4,"duration":10,"transform":{"scY":0.25,"x":0,"pX":0,"y":-1.45,"skX":0,"pY":0.2,"skY":0,"scX":0.25},"tweenEasing":0},{"z":4,"duration":1,"transform":{"scY":0.25,"x":0,"pX":0,"y":-2,"skX":0,"pY":0,"skY":0,"scX":0.25},"tweenEasing":0}],"offset":0},{"name":"armR","scale":1,"frame":[{"z":5,"duration":10,"transform":{"scY":0.25,"x":-7.35,"pX":0,"y":-9.05,"skX":45,"pY":0,"skY":45,"scX":0.25},"tweenEasing":0},{"z":5,"duration":10,"transform":{"scY":0.25,"x":-7.35,"pX":-0.15,"y":-8.45,"skX":36.27,"pY":-0.1,"skY":36.27,"scX":0.25},"tweenEasing":0},{"z":5,"duration":1,"transform":{"scY":0.25,"x":-7.35,"pX":0,"y":-9.05,"skX":45,"pY":0,"skY":45,"scX":0.25},"tweenEasing":0}],"offset":0},{"name":"head","scale":1,"frame":[{"z":6,"duration":10,"transform":{"scY":0.25,"x":-0.3,"pX":0,"y":-11.5,"skX":0,"pY":0,"skY":0,"scX":0.25},"tweenEasing":0},{"z":6,"duration":10,"transform":{"scY":0.25,"x":-0.3,"pX":0,"y":-10.9,"skX":0,"pY":-0.2,"skY":0,"scX":0.25},"tweenEasing":0},{"z":6,"duration":1,"transform":{"scY":0.25,"x":-0.3,"pX":0,"y":-11.5,"skX":0,"pY":0,"skY":0,"scX":0.25},"tweenEasing":0}],"offset":0},{"name":"handR","scale":1,"frame":[{"z":7,"duration":10,"transform":{"scY":0.25,"x":-14.25,"pX":0,"y":-2.1,"skX":45,"pY":0,"skY":45,"scX":0.25},"tweenEasing":0},{"z":7,"duration":10,"transform":{"scY":0.25,"x":-13.1,"pX":-0.05,"y":-0.55,"skX":36.27,"pY":0.1,"skY":36.27,"scX":0.25},"tweenEasing":0},{"z":7,"duration":1,"transform":{"scY":0.25,"x":-14.25,"pX":0,"y":-2.1,"skX":45,"pY":0,"skY":45,"scX":0.25},"tweenEasing":0}],"offset":0}],"duration":21,"scale":1,"loop":0,"tweenEasing":null,"name":"stand","fadeInTime":0.3},{"autoTween":1,"timeline":[{"name":"footL","scale":1,"frame":[{"transform":{"scY":0.25,"x":0.35,"pX":-0.15,"y":10.1,"skX":44.73,"pY":0.3,"skY":44.73,"scX":0.25},"z":0,"duration":1},{"transform":{"scY":0.25,"x":0.35,"pX":-0.25,"y":10.1,"skX":59.73,"pY":0.45,"skY":59.73,"scX":0.25},"z":0,"duration":1},{"transform":{"scY":0.25,"x":0.35,"pX":-0.25,"y":10.1,"skX":74.73,"pY":0.4,"skY":74.73,"scX":0.25},"z":0,"duration":1},{"transform":{"scY":0.25,"x":0.35,"pX":-0.3,"y":10.1,"skX":85.19,"pY":0.5,"skY":85.19,"scX":0.25},"z":0,"duration":1},{"transform":{"scY":0.25,"x":0.35,"pX":-0.15,"y":10.1,"skX":96.38,"pY":0.45,"skY":96.38,"scX":0.25},"z":0,"duration":1},{"transform":{"scY":0.25,"x":0.35,"pX":-0.3,"y":10.1,"skX":85.19,"pY":0.5,"skY":85.19,"scX":0.25},"z":0,"duration":1},{"transform":{"scY":0.25,"x":0.35,"pX":-0.25,"y":10.1,"skX":74.73,"pY":0.4,"skY":74.73,"scX":0.25},"z":0,"duration":1},{"transform":{"scY":0.25,"x":0.35,"pX":-0.25,"y":10.1,"skX":59.73,"pY":0.45,"skY":59.73,"scX":0.25},"z":0,"duration":1},{"transform":{"scY":0.25,"x":0.35,"pX":0.2,"y":10.1,"skX":39.78,"pY":0.35,"skY":39.78,"scX":0.25},"z":0,"duration":1},{"transform":{"scY":0.25,"x":0.35,"pX":0.1,"y":10.1,"skX":24.78,"pY":0.45,"skY":24.78,"scX":0.25},"z":0,"duration":1},{"transform":{"scY":0.25,"x":0.35,"pX":0.05,"y":10.1,"skX":5.32,"pY":0.45,"skY":5.32,"scX":0.25},"z":0,"duration":1},{"transform":{"scY":0.25,"x":0.35,"pX":-0.3,"y":10.1,"skX":-15.14,"pY":0.45,"skY":-15.14,"scX":0.25},"z":0,"duration":1},{"transform":{"scY":0.25,"x":0.35,"pX":-0.4,"y":10.1,"skX":-26.34,"pY":0.55,"skY":-26.34,"scX":0.25},"z":0,"duration":1},{"transform":{"scY":0.25,"x":0.35,"pX":-0.3,"y":10.1,"skX":-41.34,"pY":0.5,"skY":-41.34,"scX":0.25},"z":0,"duration":1},{"transform":{"scY":0.25,"x":0.35,"pX":-0.35,"y":10.1,"skX":-50.32,"pY":0.25,"skY":-50.32,"scX":0.25},"z":0,"duration":1},{"transform":{"scY":0.25,"x":0.35,"pX":-0.3,"y":10.1,"skX":-41.34,"pY":0.5,"skY":-41.34,"scX":0.25},"z":0,"duration":1},{"transform":{"scY":0.25,"x":0.35,"pX":-0.4,"y":10.1,"skX":-26.34,"pY":0.55,"skY":-26.34,"scX":0.25},"z":0,"duration":1},{"transform":{"scY":0.25,"x":0.35,"pX":-0.3,"y":10.1,"skX":-15.14,"pY":0.45,"skY":-15.14,"scX":0.25},"z":0,"duration":1},{"transform":{"scY":0.25,"x":0.35,"pX":0.05,"y":10.1,"skX":5.32,"pY":0.45,"skY":5.32,"scX":0.25},"z":0,"duration":1},{"transform":{"scY":0.25,"x":0.35,"pX":0.1,"y":10.1,"skX":24.78,"pY":0.45,"skY":24.78,"scX":0.25},"z":0,"duration":1}],"offset":0},{"name":"handL","scale":1,"frame":[{"transform":{"scY":0.25,"x":8.35,"pX":0.1,"y":3.3,"skX":-17.77,"pY":-0.05,"skY":-17.77,"scX":0.25},"z":1,"duration":1},{"transform":{"scY":0.25,"x":9.9,"pX":0.2,"y":2.7,"skX":-27.33,"pY":-0.15,"skY":-27.33,"scX":0.25},"z":1,"duration":1},{"transform":{"scY":0.25,"x":11.15,"pX":0.3,"y":1.95,"skX":-35.82,"pY":-0.05,"skY":-35.82,"scX":0.25},"z":1,"duration":1},{"transform":{"scY":0.25,"x":12.25,"pX":0.25,"y":1.05,"skX":-44.05,"pY":0.05,"skY":-44.05,"scX":0.25},"z":1,"duration":1},{"transform":{"scY":0.25,"x":14.3,"pX":0.35,"y":-1.95,"skX":-65.05,"pY":0.45,"skY":-65.05,"scX":0.25},"z":1,"duration":1},{"transform":{"scY":0.25,"x":12.25,"pX":0.25,"y":1.05,"skX":-44.05,"pY":0.05,"skY":-44.05,"scX":0.25},"z":1,"duration":1},{"transform":{"scY":0.25,"x":11.15,"pX":0.3,"y":1.95,"skX":-35.82,"pY":-0.05,"skY":-35.82,"scX":0.25},"z":1,"duration":1},{"transform":{"scY":0.25,"x":9.9,"pX":0.2,"y":2.7,"skX":-27.33,"pY":-0.15,"skY":-27.33,"scX":0.25},"z":1,"duration":1},{"transform":{"scY":0.25,"x":8.35,"pX":0.1,"y":3.3,"skX":-17.77,"pY":-0.05,"skY":-17.77,"scX":0.25},"z":1,"duration":1},{"transform":{"scY":0.25,"x":4.3,"pX":0.05,"y":3.7,"skX":6.18,"pY":-0.05,"skY":6.18,"scX":0.25},"z":1,"duration":1},{"transform":{"scY":0.25,"x":0.55,"pX":-0.2,"y":2.45,"skX":29.64,"pY":0,"skY":29.64,"scX":0.25},"z":1,"duration":1},{"transform":{"scY":0.25,"x":-2.35,"pX":-0.3,"y":-0.15,"skX":52.88,"pY":0.1,"skY":52.88,"scX":0.25},"z":1,"duration":1},{"transform":{"scY":0.25,"x":-3.3,"pX":-0.5,"y":-1.75,"skX":64.09,"pY":0.15,"skY":64.09,"scX":0.25},"z":1,"duration":1},{"transform":{"scY":0.25,"x":-4,"pX":-0.55,"y":-3.5,"skX":75.56,"pY":0.05,"skY":75.56,"scX":0.25},"z":1,"duration":1},{"transform":{"scY":0.25,"x":-4.35,"pX":-0.95,"y":-5.5,"skX":88,"pY":0.15,"skY":88,"scX":0.25},"z":1,"duration":1},{"transform":{"scY":0.25,"x":-4,"pX":-0.55,"y":-3.5,"skX":75.56,"pY":0.05,"skY":75.56,"scX":0.25},"z":1,"duration":1},{"transform":{"scY":0.25,"x":-3.3,"pX":-0.5,"y":-1.75,"skX":64.09,"pY":0.15,"skY":64.09,"scX":0.25},"z":1,"duration":1},{"transform":{"scY":0.25,"x":-2.35,"pX":-0.3,"y":-0.15,"skX":52.88,"pY":0.1,"skY":52.88,"scX":0.25},"z":1,"duration":1},{"transform":{"scY":0.25,"x":0.55,"pX":-0.2,"y":2.45,"skX":29.64,"pY":0,"skY":29.64,"scX":0.25},"z":1,"duration":1},{"transform":{"scY":0.25,"x":4.3,"pX":0.05,"y":3.7,"skX":6.18,"pY":-0.05,"skY":6.18,"scX":0.25},"z":1,"duration":1}],"offset":0},{"name":"armL","scale":1,"frame":[{"transform":{"scY":0.25,"x":5.35,"pX":-0.05,"y":-6,"skX":-17.77,"pY":0.15,"skY":-17.77,"scX":0.25},"z":2,"duration":1},{"transform":{"scY":0.25,"x":5.35,"pX":0.25,"y":-6,"skX":-27.33,"pY":0.35,"skY":-27.33,"scX":0.25},"z":2,"duration":1},{"transform":{"scY":0.25,"x":5.35,"pX":0.25,"y":-6,"skX":-35.82,"pY":0.55,"skY":-35.82,"scX":0.25},"z":2,"duration":1},{"transform":{"scY":0.25,"x":5.35,"pX":0.3,"y":-6,"skX":-44.05,"pY":0.55,"skY":-44.05,"scX":0.25},"z":2,"duration":1},{"transform":{"scY":0.25,"x":5.35,"pX":0.45,"y":-6,"skX":-65.05,"pY":0.6,"skY":-65.05,"scX":0.25},"z":2,"duration":1},{"transform":{"scY":0.25,"x":5.35,"pX":0.3,"y":-6,"skX":-44.05,"pY":0.55,"skY":-44.05,"scX":0.25},"z":2,"duration":1},{"transform":{"scY":0.25,"x":5.35,"pX":0.25,"y":-6,"skX":-35.82,"pY":0.55,"skY":-35.82,"scX":0.25},"z":2,"duration":1},{"transform":{"scY":0.25,"x":5.35,"pX":0.25,"y":-6,"skX":-27.33,"pY":0.35,"skY":-27.33,"scX":0.25},"z":2,"duration":1},{"transform":{"scY":0.25,"x":5.35,"pX":-0.05,"y":-6,"skX":-17.77,"pY":0.15,"skY":-17.77,"scX":0.25},"z":2,"duration":1},{"transform":{"scY":0.25,"x":5.35,"pX":-0.1,"y":-6,"skX":6.18,"pY":0.2,"skY":6.18,"scX":0.25},"z":2,"duration":1},{"transform":{"scY":0.25,"x":5.35,"pX":-0.3,"y":-6,"skX":29.64,"pY":0.15,"skY":29.64,"scX":0.25},"z":2,"duration":1},{"transform":{"scY":0.25,"x":5.35,"pX":-0.3,"y":-6,"skX":52.88,"pY":0,"skY":52.88,"scX":0.25},"z":2,"duration":1},{"transform":{"scY":0.25,"x":5.35,"pX":-0.35,"y":-6,"skX":64.09,"pY":-0.05,"skY":64.09,"scX":0.25},"z":2,"duration":1},{"transform":{"scY":0.25,"x":5.35,"pX":-0.2,"y":-6,"skX":75.56,"pY":-0.1,"skY":75.56,"scX":0.25},"z":2,"duration":1},{"transform":{"scY":0.25,"x":5.35,"pX":-0.05,"y":-6,"skX":88,"pY":-0.15,"skY":88,"scX":0.25},"z":2,"duration":1},{"transform":{"scY":0.25,"x":5.35,"pX":-0.2,"y":-6,"skX":75.56,"pY":-0.1,"skY":75.56,"scX":0.25},"z":2,"duration":1},{"transform":{"scY":0.25,"x":5.35,"pX":-0.35,"y":-6,"skX":64.09,"pY":-0.05,"skY":64.09,"scX":0.25},"z":2,"duration":1},{"transform":{"scY":0.25,"x":5.35,"pX":-0.3,"y":-6,"skX":52.88,"pY":0,"skY":52.88,"scX":0.25},"z":2,"duration":1},{"transform":{"scY":0.25,"x":5.35,"pX":-0.3,"y":-6,"skX":29.64,"pY":0.15,"skY":29.64,"scX":0.25},"z":2,"duration":1},{"transform":{"scY":0.25,"x":5.35,"pX":-0.1,"y":-6,"skX":6.18,"pY":0.2,"skY":6.18,"scX":0.25},"z":2,"duration":1}],"offset":0},{"name":"footR","scale":1,"frame":[{"transform":{"scY":0.25,"x":0.5,"pX":-0.1,"y":9.8,"skX":-37.49,"pY":-0.1,"skY":-37.49,"scX":0.25},"z":3,"duration":1},{"transform":{"scY":0.25,"x":0.5,"pX":-0.05,"y":9.8,"skX":-45.22,"pY":0,"skY":-45.22,"scX":0.25},"z":3,"duration":1},{"transform":{"scY":0.25,"x":0.5,"pX":-0.2,"y":9.8,"skX":-60.22,"pY":-0.1,"skY":-60.22,"scX":0.25},"z":3,"duration":1},{"transform":{"scY":0.25,"x":0.5,"pX":-0.05,"y":9.8,"skX":-68.46,"pY":-0.1,"skY":-68.46,"scX":0.25},"z":3,"duration":1},{"transform":{"scY":0.25,"x":0.5,"pX":0.05,"y":9.8,"skX":-81.38,"pY":-0.2,"skY":-81.38,"scX":0.25},"z":3,"duration":1},{"transform":{"scY":0.25,"x":0.5,"pX":-0.05,"y":9.8,"skX":-68.46,"pY":-0.1,"skY":-68.46,"scX":0.25},"z":3,"duration":1},{"transform":{"scY":0.25,"x":0.5,"pX":-0.2,"y":9.8,"skX":-60.22,"pY":-0.1,"skY":-60.22,"scX":0.25},"z":3,"duration":1},{"transform":{"scY":0.25,"x":0.5,"pX":-0.05,"y":9.8,"skX":-45.22,"pY":0,"skY":-45.22,"scX":0.25},"z":3,"duration":1},{"transform":{"scY":0.25,"x":0.5,"pX":-0.2,"y":9.8,"skX":-22.49,"pY":-0.15,"skY":-22.49,"scX":0.25},"z":3,"duration":1},{"transform":{"scY":0.25,"x":0.5,"pX":-0.35,"y":9.8,"skX":-7.49,"pY":-0.3,"skY":-7.49,"scX":0.25},"z":3,"duration":1},{"transform":{"scY":0.25,"x":0.5,"pX":-0.35,"y":9.8,"skX":17.24,"pY":-0.15,"skY":17.24,"scX":0.25},"z":3,"duration":1},{"transform":{"scY":0.25,"x":0.45,"pX":-0.55,"y":9.8,"skX":32.24,"pY":-0.15,"skY":32.24,"scX":0.25},"z":3,"duration":1},{"transform":{"scY":0.25,"x":0.45,"pX":-0.6,"y":9.8,"skX":41.98,"pY":-0.1,"skY":41.98,"scX":0.25},"z":3,"duration":1},{"transform":{"scY":0.25,"x":0.45,"pX":-0.75,"y":9.8,"skX":50.92,"pY":0,"skY":50.92,"scX":0.25},"z":3,"duration":1},{"transform":{"scY":0.25,"x":0.45,"pX":-0.65,"y":9.8,"skX":61.9,"pY":0.2,"skY":61.9,"scX":0.25},"z":3,"duration":1},{"transform":{"scY":0.25,"x":0.45,"pX":-0.75,"y":9.8,"skX":50.92,"pY":0,"skY":50.92,"scX":0.25},"z":3,"duration":1},{"transform":{"scY":0.25,"x":0.45,"pX":-0.6,"y":9.8,"skX":41.98,"pY":-0.1,"skY":41.98,"scX":0.25},"z":3,"duration":1},{"transform":{"scY":0.25,"x":0.45,"pX":-0.55,"y":9.8,"skX":32.24,"pY":-0.15,"skY":32.24,"scX":0.25},"z":3,"duration":1},{"transform":{"scY":0.25,"x":0.5,"pX":-0.35,"y":9.8,"skX":17.24,"pY":-0.15,"skY":17.24,"scX":0.25},"z":3,"duration":1},{"transform":{"scY":0.25,"x":0.5,"pX":-0.35,"y":9.8,"skX":-7.49,"pY":-0.3,"skY":-7.49,"scX":0.25},"z":3,"duration":1}],"offset":0},{"name":"body","scale":1,"frame":[{"transform":{"scY":0.25,"x":0.75,"pX":0.05,"y":0.35,"skX":5.98,"pY":-0.05,"skY":5.98,"scX":0.25},"z":4,"duration":1},{"transform":{"scY":0.25,"x":0.75,"pX":0.05,"y":0.35,"skX":5.98,"pY":-0.05,"skY":5.98,"scX":0.25},"z":4,"duration":1},{"transform":{"scY":0.25,"x":0.75,"pX":0.05,"y":0.35,"skX":5.98,"pY":-0.05,"skY":5.98,"scX":0.25},"z":4,"duration":1},{"transform":{"scY":0.25,"x":0.75,"pX":0.05,"y":0.35,"skX":5.98,"pY":-0.05,"skY":5.98,"scX":0.25},"z":4,"duration":1},{"transform":{"scY":0.25,"x":0.75,"pX":0.05,"y":0.35,"skX":5.98,"pY":-0.05,"skY":5.98,"scX":0.25},"z":4,"duration":1},{"transform":{"scY":0.25,"x":0.75,"pX":0.05,"y":0.35,"skX":5.98,"pY":-0.05,"skY":5.98,"scX":0.25},"z":4,"duration":1},{"transform":{"scY":0.25,"x":0.75,"pX":0.05,"y":0.35,"skX":5.98,"pY":-0.05,"skY":5.98,"scX":0.25},"z":4,"duration":1},{"transform":{"scY":0.25,"x":0.75,"pX":0.05,"y":0.35,"skX":5.98,"pY":-0.05,"skY":5.98,"scX":0.25},"z":4,"duration":1},{"transform":{"scY":0.25,"x":0.75,"pX":0.05,"y":0.35,"skX":5.98,"pY":-0.05,"skY":5.98,"scX":0.25},"z":4,"duration":1},{"transform":{"scY":0.25,"x":0.75,"pX":0.05,"y":0.35,"skX":5.98,"pY":-0.05,"skY":5.98,"scX":0.25},"z":4,"duration":1},{"transform":{"scY":0.25,"x":0.75,"pX":0.05,"y":0.35,"skX":5.98,"pY":-0.05,"skY":5.98,"scX":0.25},"z":4,"duration":1},{"transform":{"scY":0.25,"x":0.75,"pX":0.05,"y":0.35,"skX":5.98,"pY":-0.05,"skY":5.98,"scX":0.25},"z":4,"duration":1},{"transform":{"scY":0.25,"x":0.75,"pX":0.05,"y":0.35,"skX":5.98,"pY":-0.05,"skY":5.98,"scX":0.25},"z":4,"duration":1},{"transform":{"scY":0.25,"x":0.75,"pX":0.05,"y":0.35,"skX":5.98,"pY":-0.05,"skY":5.98,"scX":0.25},"z":4,"duration":1},{"transform":{"scY":0.25,"x":0.75,"pX":0.05,"y":0.35,"skX":5.98,"pY":-0.05,"skY":5.98,"scX":0.25},"z":4,"duration":1},{"transform":{"scY":0.25,"x":0.75,"pX":0.05,"y":0.35,"skX":5.98,"pY":-0.05,"skY":5.98,"scX":0.25},"z":4,"duration":1},{"transform":{"scY":0.25,"x":0.75,"pX":0.05,"y":0.35,"skX":5.98,"pY":-0.05,"skY":5.98,"scX":0.25},"z":4,"duration":1},{"transform":{"scY":0.25,"x":0.75,"pX":0.05,"y":0.35,"skX":5.98,"pY":-0.05,"skY":5.98,"scX":0.25},"z":4,"duration":1},{"transform":{"scY":0.25,"x":0.75,"pX":0.05,"y":0.35,"skX":5.98,"pY":-0.05,"skY":5.98,"scX":0.25},"z":4,"duration":1},{"transform":{"scY":0.25,"x":0.75,"pX":0.05,"y":0.35,"skX":5.98,"pY":-0.05,"skY":5.98,"scX":0.25},"z":4,"duration":1}],"offset":0},{"name":"armR","scale":1,"frame":[{"transform":{"scY":0.25,"x":-2.3,"pX":-0.4,"y":-6.8,"skX":43.52,"pY":0.05,"skY":43.52,"scX":0.25},"z":5,"duration":1},{"transform":{"scY":0.25,"x":-2.3,"pX":-0.45,"y":-6.8,"skX":56.24,"pY":0.4,"skY":56.24,"scX":0.25},"z":5,"duration":1},{"transform":{"scY":0.25,"x":-2.3,"pX":-0.35,"y":-6.8,"skX":66.45,"pY":0.3,"skY":66.45,"scX":0.25},"z":5,"duration":1},{"transform":{"scY":0.25,"x":-2.3,"pX":-0.45,"y":-6.8,"skX":76.4,"pY":0.3,"skY":76.4,"scX":0.25},"z":5,"duration":1},{"transform":{"scY":0.25,"x":-2.3,"pX":-0.3,"y":-6.8,"skX":86.11,"pY":0.35,"skY":86.11,"scX":0.25},"z":5,"duration":1},{"transform":{"scY":0.25,"x":-2.3,"pX":-0.45,"y":-6.8,"skX":76.4,"pY":0.3,"skY":76.4,"scX":0.25},"z":5,"duration":1},{"transform":{"scY":0.25,"x":-2.3,"pX":-0.35,"y":-6.8,"skX":66.45,"pY":0.3,"skY":66.45,"scX":0.25},"z":5,"duration":1},{"transform":{"scY":0.25,"x":-2.3,"pX":-0.45,"y":-6.8,"skX":56.24,"pY":0.4,"skY":56.24,"scX":0.25},"z":5,"duration":1},{"transform":{"scY":0.25,"x":-2.3,"pX":-0.55,"y":-6.8,"skX":28.52,"pY":0.15,"skY":28.52,"scX":0.25},"z":5,"duration":1},{"transform":{"scY":0.25,"x":-2.3,"pX":-0.45,"y":-6.8,"skX":4.27,"pY":0.2,"skY":4.27,"scX":0.25},"z":5,"duration":1},{"transform":{"scY":0.25,"x":-2.3,"pX":-0.35,"y":-6.8,"skX":-10.73,"pY":0.1,"skY":-10.73,"scX":0.25},"z":5,"duration":1},{"transform":{"scY":0.25,"x":-2.3,"pX":-0.45,"y":-6.8,"skX":-34.21,"pY":0,"skY":-34.21,"scX":0.25},"z":5,"duration":1},{"transform":{"scY":0.25,"x":-2.3,"pX":-0.5,"y":-6.8,"skX":-49.21,"pY":-0.05,"skY":-49.21,"scX":0.25},"z":5,"duration":1},{"transform":{"scY":0.25,"x":-2.3,"pX":-0.55,"y":-6.8,"skX":-55.67,"pY":0.05,"skY":-55.67,"scX":0.25},"z":5,"duration":1},{"transform":{"scY":0.25,"x":-2.3,"pX":-0.5,"y":-6.8,"skX":-70.67,"pY":-0.05,"skY":-70.67,"scX":0.25},"z":5,"duration":1},{"transform":{"scY":0.25,"x":-2.3,"pX":-0.55,"y":-6.8,"skX":-55.67,"pY":0.05,"skY":-55.67,"scX":0.25},"z":5,"duration":1},{"transform":{"scY":0.25,"x":-2.3,"pX":-0.5,"y":-6.8,"skX":-49.21,"pY":-0.05,"skY":-49.21,"scX":0.25},"z":5,"duration":1},{"transform":{"scY":0.25,"x":-2.3,"pX":-0.45,"y":-6.8,"skX":-34.21,"pY":0,"skY":-34.21,"scX":0.25},"z":5,"duration":1},{"transform":{"scY":0.25,"x":-2.3,"pX":-0.35,"y":-6.8,"skX":-10.73,"pY":0.1,"skY":-10.73,"scX":0.25},"z":5,"duration":1},{"transform":{"scY":0.25,"x":-2.3,"pX":-0.45,"y":-6.8,"skX":4.27,"pY":0.2,"skY":4.27,"scX":0.25},"z":5,"duration":1}],"offset":0},{"name":"head","scale":1,"frame":[{"transform":{"scY":0.25,"x":2.9,"pX":0,"y":-8.95,"skX":1.99,"pY":-0.1,"skY":1.99,"scX":0.25},"z":6,"duration":1},{"transform":{"scY":0.25,"x":2.9,"pX":0,"y":-8.95,"skX":1.99,"pY":-0.1,"skY":1.99,"scX":0.25},"z":6,"duration":1},{"transform":{"scY":0.25,"x":2.9,"pX":0,"y":-8.7,"skX":1.99,"pY":-0.1,"skY":1.99,"scX":0.25},"z":6,"duration":1},{"transform":{"scY":0.25,"x":3.15,"pX":0,"y":-8.7,"skX":1.99,"pY":-0.1,"skY":1.99,"scX":0.25},"z":6,"duration":1},{"transform":{"scY":0.25,"x":3.4,"pX":-0.05,"y":-8.45,"skX":1.99,"pY":-0.1,"skY":1.99,"scX":0.25},"z":6,"duration":1},{"transform":{"scY":0.25,"x":3.15,"pX":0,"y":-8.7,"skX":1.99,"pY":-0.1,"skY":1.99,"scX":0.25},"z":6,"duration":1},{"transform":{"scY":0.25,"x":2.9,"pX":0,"y":-8.7,"skX":1.99,"pY":-0.1,"skY":1.99,"scX":0.25},"z":6,"duration":1},{"transform":{"scY":0.25,"x":2.9,"pX":0,"y":-8.95,"skX":1.99,"pY":-0.1,"skY":1.99,"scX":0.25},"z":6,"duration":1},{"transform":{"scY":0.25,"x":2.9,"pX":0,"y":-8.95,"skX":1.99,"pY":-0.1,"skY":1.99,"scX":0.25},"z":6,"duration":1},{"transform":{"scY":0.25,"x":2.65,"pX":0,"y":-8.95,"skX":1.99,"pY":-0.1,"skY":1.99,"scX":0.25},"z":6,"duration":1},{"transform":{"scY":0.25,"x":2.4,"pX":0,"y":-9.2,"skX":1.99,"pY":-0.1,"skY":1.99,"scX":0.25},"z":6,"duration":1},{"transform":{"scY":0.25,"x":2.4,"pX":0,"y":-9.45,"skX":1.99,"pY":-0.1,"skY":1.99,"scX":0.25},"z":6,"duration":1},{"transform":{"scY":0.25,"x":2.15,"pX":0,"y":-9.45,"skX":1.99,"pY":-0.1,"skY":1.99,"scX":0.25},"z":6,"duration":1},{"transform":{"scY":0.25,"x":2.15,"pX":0,"y":-9.7,"skX":1.99,"pY":-0.1,"skY":1.99,"scX":0.25},"z":6,"duration":1},{"transform":{"scY":0.25,"x":2.15,"pX":0,"y":-9.95,"skX":1.99,"pY":-0.1,"skY":1.99,"scX":0.25},"z":6,"duration":1},{"transform":{"scY":0.25,"x":2.15,"pX":0,"y":-9.7,"skX":1.99,"pY":-0.1,"skY":1.99,"scX":0.25},"z":6,"duration":1},{"transform":{"scY":0.25,"x":2.15,"pX":0,"y":-9.45,"skX":1.99,"pY":-0.1,"skY":1.99,"scX":0.25},"z":6,"duration":1},{"transform":{"scY":0.25,"x":2.4,"pX":0,"y":-9.45,"skX":1.99,"pY":-0.1,"skY":1.99,"scX":0.25},"z":6,"duration":1},{"transform":{"scY":0.25,"x":2.4,"pX":0,"y":-9.2,"skX":1.99,"pY":-0.1,"skY":1.99,"scX":0.25},"z":6,"duration":1},{"transform":{"scY":0.25,"x":2.65,"pX":0,"y":-8.95,"skX":1.99,"pY":-0.1,"skY":1.99,"scX":0.25},"z":6,"duration":1}],"offset":0},{"name":"handR","scale":1,"frame":[{"transform":{"scY":0.25,"x":-9,"pX":-0.2,"y":0.25,"skX":43.52,"pY":0.1,"skY":43.52,"scX":0.25},"z":7,"duration":1},{"transform":{"scY":0.25,"x":-10.45,"pX":0.05,"y":-1.4,"skX":56.24,"pY":0.4,"skY":56.24,"scX":0.25},"z":7,"duration":1},{"transform":{"scY":0.25,"x":-11.25,"pX":0.05,"y":-2.95,"skX":66.45,"pY":0.25,"skY":66.45,"scX":0.25},"z":7,"duration":1},{"transform":{"scY":0.25,"x":-11.8,"pX":0.25,"y":-4.55,"skX":76.4,"pY":0.25,"skY":76.4,"scX":0.25},"z":7,"duration":1},{"transform":{"scY":0.25,"x":-12.05,"pX":0.45,"y":-6.2,"skX":86.11,"pY":0.25,"skY":86.11,"scX":0.25},"z":7,"duration":1},{"transform":{"scY":0.25,"x":-11.8,"pX":0.25,"y":-4.55,"skX":76.4,"pY":0.25,"skY":76.4,"scX":0.25},"z":7,"duration":1},{"transform":{"scY":0.25,"x":-11.25,"pX":0.05,"y":-2.95,"skX":66.45,"pY":0.25,"skY":66.45,"scX":0.25},"z":7,"duration":1},{"transform":{"scY":0.25,"x":-10.45,"pX":0.05,"y":-1.4,"skX":56.24,"pY":0.4,"skY":56.24,"scX":0.25},"z":7,"duration":1},{"transform":{"scY":0.25,"x":-7,"pX":-0.15,"y":1.75,"skX":28.52,"pY":0,"skY":28.52,"scX":0.25},"z":7,"duration":1},{"transform":{"scY":0.25,"x":-3.1,"pX":0,"y":2.95,"skX":4.27,"pY":0.05,"skY":4.27,"scX":0.25},"z":7,"duration":1},{"transform":{"scY":0.25,"x":-0.6,"pX":0.25,"y":2.8,"skX":-10.73,"pY":0.2,"skY":-10.73,"scX":0.25},"z":7,"duration":1},{"transform":{"scY":0.25,"x":3.05,"pX":0.35,"y":1.35,"skX":-34.21,"pY":0.45,"skY":-34.21,"scX":0.25},"z":7,"duration":1},{"transform":{"scY":0.25,"x":4.95,"pX":0.35,"y":-0.3,"skX":-49.21,"pY":0.45,"skY":-49.21,"scX":0.25},"z":7,"duration":1},{"transform":{"scY":0.25,"x":5.6,"pX":0.55,"y":-1.15,"skX":-55.67,"pY":0.6,"skY":-55.67,"scX":0.25},"z":7,"duration":1},{"transform":{"scY":0.25,"x":6.75,"pX":0.6,"y":-3.4,"skX":-70.67,"pY":0.55,"skY":-70.67,"scX":0.25},"z":7,"duration":1},{"transform":{"scY":0.25,"x":5.6,"pX":0.55,"y":-1.15,"skX":-55.67,"pY":0.6,"skY":-55.67,"scX":0.25},"z":7,"duration":1},{"transform":{"scY":0.25,"x":4.95,"pX":0.35,"y":-0.3,"skX":-49.21,"pY":0.45,"skY":-49.21,"scX":0.25},"z":7,"duration":1},{"transform":{"scY":0.25,"x":3.05,"pX":0.35,"y":1.35,"skX":-34.21,"pY":0.45,"skY":-34.21,"scX":0.25},"z":7,"duration":1},{"transform":{"scY":0.25,"x":-0.6,"pX":0.25,"y":2.8,"skX":-10.73,"pY":0.2,"skY":-10.73,"scX":0.25},"z":7,"duration":1},{"transform":{"scY":0.25,"x":-3.1,"pX":0,"y":2.95,"skX":4.27,"pY":0.05,"skY":4.27,"scX":0.25},"z":7,"duration":1}],"offset":0}],"duration":20,"scale":1,"loop":0,"tweenEasing":null,"name":"run","fadeInTime":0.3},{"autoTween":1,"timeline":[{"name":"footL","scale":1,"frame":[{"transform":{"scY":0.25,"x":19.3,"pX":0,"y":3,"skX":-93.99,"pY":-0.05,"skY":-93.99,"scX":0.25},"z":0,"duration":7}],"offset":0},{"name":"handL","scale":1,"frame":[{"transform":{"scY":0.25,"x":17.6,"pX":0.1,"y":-13.05,"skX":-103.01,"pY":-0.05,"skY":-103.01,"scX":0.25},"z":1,"duration":7}],"offset":0},{"name":"armL","scale":1,"frame":[{"transform":{"scY":0.25,"x":8.1,"pX":-0.15,"y":-10.85,"skX":-103.01,"pY":0.1,"skY":-103.01,"scX":0.25},"z":2,"duration":7}],"offset":0},{"name":"footR","scale":1,"frame":[{"transform":{"scY":0.25,"x":12.7,"pX":0,"y":10.1,"skX":-101.48,"pY":-0.15,"skY":-101.48,"scX":0.25},"z":3,"duration":7}],"offset":0},{"name":"body","scale":1,"frame":[{"transform":{"scY":0.25,"x":7.9,"pX":0.05,"y":-0.95,"skX":-43.01,"pY":0.2,"skY":-43.01,"scX":0.25},"z":4,"duration":7}],"offset":0},{"name":"armR","scale":1,"frame":[{"transform":{"scY":0.25,"x":-2.25,"pX":-0.15,"y":-1.1,"skX":-113.04,"pY":0.2,"skY":-113.04,"scX":0.25},"z":5,"duration":7}],"offset":0},{"name":"head","scale":1,"frame":[{"transform":{"scY":0.25,"x":2.4,"pX":-0.1,"y":-8.45,"skX":-32,"pY":-0.3,"skY":-32,"scX":0.25},"z":6,"duration":7}],"offset":0},{"name":"handR","scale":1,"frame":[{"transform":{"scY":0.25,"x":6.75,"pX":0,"y":-4.9,"skX":-113.04,"pY":0.2,"skY":-113.04,"scX":0.25},"z":7,"duration":7}],"offset":0}],"duration":7,"scale":1,"loop":1,"tweenEasing":null,"name":"fall","fadeInTime":0.3},{"autoTween":1,"timeline":[{"name":"footL","scale":1,"frame":[{"transform":{"scY":0.25,"x":0.35,"pX":-0.15,"y":10.1,"skX":44.73,"pY":0.3,"skY":44.73,"scX":0.25},"z":0,"duration":1},{"transform":{"scY":0.25,"x":0.35,"pX":-0.25,"y":10.1,"skX":59.73,"pY":0.45,"skY":59.73,"scX":0.25},"z":0,"duration":1},{"transform":{"scY":0.25,"x":0.35,"pX":-0.25,"y":10.1,"skX":74.73,"pY":0.4,"skY":74.73,"scX":0.25},"z":0,"duration":1},{"transform":{"scY":0.25,"x":0.35,"pX":-0.15,"y":10.1,"skX":96.38,"pY":0.45,"skY":96.38,"scX":0.25},"z":0,"duration":21},{"transform":{"scY":0.25,"x":0.35,"pX":-0.25,"y":10.1,"skX":74.73,"pY":0.4,"skY":74.73,"scX":0.25},"z":0,"duration":1},{"transform":{"scY":0.25,"x":0.35,"pX":-0.25,"y":10.1,"skX":59.73,"pY":0.45,"skY":59.73,"scX":0.25},"z":0,"duration":1},{"transform":{"scY":0.25,"x":0.35,"pX":-0.15,"y":10.1,"skX":44.73,"pY":0.3,"skY":44.73,"scX":0.25},"z":0,"duration":1}],"offset":0},{"name":"handL","scale":1,"frame":[{"transform":{"scY":0.25,"x":8.35,"pX":0.1,"y":3.3,"skX":-17.77,"pY":-0.05,"skY":-17.77,"scX":0.25},"z":1,"duration":1},{"transform":{"scY":0.25,"x":9.9,"pX":0.2,"y":2.7,"skX":-27.33,"pY":-0.15,"skY":-27.33,"scX":0.25},"z":1,"duration":1},{"transform":{"scY":0.25,"x":11.15,"pX":0.3,"y":1.95,"skX":-35.82,"pY":-0.05,"skY":-35.82,"scX":0.25},"z":1,"duration":1},{"transform":{"scY":0.25,"x":14.3,"pX":0.35,"y":-1.95,"skX":-65.05,"pY":0.45,"skY":-65.05,"scX":0.25},"z":1,"duration":21},{"transform":{"scY":0.25,"x":11.15,"pX":0.3,"y":1.95,"skX":-35.82,"pY":-0.05,"skY":-35.82,"scX":0.25},"z":1,"duration":1},{"transform":{"scY":0.25,"x":9.9,"pX":0.2,"y":2.7,"skX":-27.33,"pY":-0.15,"skY":-27.33,"scX":0.25},"z":1,"duration":1},{"transform":{"scY":0.25,"x":8.35,"pX":0.1,"y":3.3,"skX":-17.77,"pY":-0.05,"skY":-17.77,"scX":0.25},"z":1,"duration":1}],"offset":0},{"name":"armL","scale":1,"frame":[{"transform":{"scY":0.25,"x":5.35,"pX":-0.05,"y":-6,"skX":-17.77,"pY":0.15,"skY":-17.77,"scX":0.25},"z":2,"duration":1},{"transform":{"scY":0.25,"x":5.35,"pX":0.25,"y":-6,"skX":-27.33,"pY":0.35,"skY":-27.33,"scX":0.25},"z":2,"duration":1},{"transform":{"scY":0.25,"x":5.35,"pX":0.25,"y":-6,"skX":-35.82,"pY":0.55,"skY":-35.82,"scX":0.25},"z":2,"duration":1},{"transform":{"scY":0.25,"x":5.35,"pX":0.45,"y":-6,"skX":-65.05,"pY":0.6,"skY":-65.05,"scX":0.25},"z":2,"duration":21},{"transform":{"scY":0.25,"x":5.35,"pX":0.25,"y":-6,"skX":-35.82,"pY":0.55,"skY":-35.82,"scX":0.25},"z":2,"duration":1},{"transform":{"scY":0.25,"x":5.35,"pX":0.25,"y":-6,"skX":-27.33,"pY":0.35,"skY":-27.33,"scX":0.25},"z":2,"duration":1},{"transform":{"scY":0.25,"x":5.35,"pX":-0.05,"y":-6,"skX":-17.77,"pY":0.15,"skY":-17.77,"scX":0.25},"z":2,"duration":1}],"offset":0},{"name":"footR","scale":1,"frame":[{"transform":{"scY":0.25,"x":0.5,"pX":-0.1,"y":9.8,"skX":-37.49,"pY":-0.1,"skY":-37.49,"scX":0.25},"z":3,"duration":1},{"transform":{"scY":0.25,"x":0.5,"pX":-0.05,"y":9.8,"skX":-45.22,"pY":0,"skY":-45.22,"scX":0.25},"z":3,"duration":1},{"transform":{"scY":0.25,"x":0.5,"pX":-0.2,"y":9.8,"skX":-60.22,"pY":-0.1,"skY":-60.22,"scX":0.25},"z":3,"duration":1},{"transform":{"scY":0.25,"x":0.5,"pX":0.05,"y":9.8,"skX":-81.38,"pY":-0.2,"skY":-81.38,"scX":0.25},"z":3,"duration":21},{"transform":{"scY":0.25,"x":0.5,"pX":-0.2,"y":9.8,"skX":-60.22,"pY":-0.1,"skY":-60.22,"scX":0.25},"z":3,"duration":1},{"transform":{"scY":0.25,"x":0.5,"pX":-0.05,"y":9.8,"skX":-45.22,"pY":0,"skY":-45.22,"scX":0.25},"z":3,"duration":1},{"transform":{"scY":0.25,"x":0.5,"pX":-0.1,"y":9.8,"skX":-37.49,"pY":-0.1,"skY":-37.49,"scX":0.25},"z":3,"duration":1}],"offset":0},{"name":"body","scale":1,"frame":[{"transform":{"scY":0.25,"x":0.75,"pX":0.05,"y":0.35,"skX":5.98,"pY":-0.05,"skY":5.98,"scX":0.25},"z":4,"duration":1},{"transform":{"scY":0.25,"x":0.75,"pX":0.05,"y":0.35,"skX":5.98,"pY":-0.05,"skY":5.98,"scX":0.25},"z":4,"duration":1},{"transform":{"scY":0.25,"x":0.75,"pX":0.05,"y":0.35,"skX":5.98,"pY":-0.05,"skY":5.98,"scX":0.25},"z":4,"duration":1},{"transform":{"scY":0.25,"x":0.75,"pX":0.05,"y":0.35,"skX":5.98,"pY":-0.05,"skY":5.98,"scX":0.25},"z":4,"duration":21},{"transform":{"scY":0.25,"x":0.75,"pX":0.05,"y":0.35,"skX":5.98,"pY":-0.05,"skY":5.98,"scX":0.25},"z":4,"duration":1},{"transform":{"scY":0.25,"x":0.75,"pX":0.05,"y":0.35,"skX":5.98,"pY":-0.05,"skY":5.98,"scX":0.25},"z":4,"duration":1},{"transform":{"scY":0.25,"x":0.75,"pX":0.05,"y":0.35,"skX":5.98,"pY":-0.05,"skY":5.98,"scX":0.25},"z":4,"duration":1}],"offset":0},{"name":"armR","scale":1,"frame":[{"transform":{"scY":0.25,"x":-2.3,"pX":-0.4,"y":-6.8,"skX":43.52,"pY":0.05,"skY":43.52,"scX":0.25},"z":5,"duration":1},{"transform":{"scY":0.25,"x":-2.3,"pX":-0.45,"y":-6.8,"skX":56.24,"pY":0.4,"skY":56.24,"scX":0.25},"z":5,"duration":1},{"transform":{"scY":0.25,"x":-2.3,"pX":-0.35,"y":-6.8,"skX":66.45,"pY":0.3,"skY":66.45,"scX":0.25},"z":5,"duration":1},{"transform":{"scY":0.25,"x":-2.3,"pX":-0.3,"y":-6.8,"skX":86.11,"pY":0.35,"skY":86.11,"scX":0.25},"z":5,"duration":21},{"transform":{"scY":0.25,"x":-2.3,"pX":-0.35,"y":-6.8,"skX":66.45,"pY":0.3,"skY":66.45,"scX":0.25},"z":5,"duration":1},{"transform":{"scY":0.25,"x":-2.3,"pX":-0.45,"y":-6.8,"skX":56.24,"pY":0.4,"skY":56.24,"scX":0.25},"z":5,"duration":1},{"transform":{"scY":0.25,"x":-2.3,"pX":-0.4,"y":-6.8,"skX":43.52,"pY":0.05,"skY":43.52,"scX":0.25},"z":5,"duration":1}],"offset":0},{"name":"head","scale":1,"frame":[{"transform":{"scY":0.25,"x":2.9,"pX":0,"y":-8.95,"skX":1.99,"pY":-0.1,"skY":1.99,"scX":0.25},"z":6,"duration":1},{"transform":{"scY":0.25,"x":2.9,"pX":0,"y":-8.95,"skX":1.99,"pY":-0.1,"skY":1.99,"scX":0.25},"z":6,"duration":1},{"transform":{"scY":0.25,"x":2.9,"pX":0,"y":-8.7,"skX":1.99,"pY":-0.1,"skY":1.99,"scX":0.25},"z":6,"duration":1},{"transform":{"scY":0.25,"x":3.4,"pX":-0.05,"y":-8.45,"skX":1.99,"pY":-0.1,"skY":1.99,"scX":0.25},"z":6,"duration":21},{"transform":{"scY":0.25,"x":2.9,"pX":0,"y":-8.7,"skX":1.99,"pY":-0.1,"skY":1.99,"scX":0.25},"z":6,"duration":1},{"transform":{"scY":0.25,"x":2.9,"pX":0,"y":-8.95,"skX":1.99,"pY":-0.1,"skY":1.99,"scX":0.25},"z":6,"duration":1},{"transform":{"scY":0.25,"x":2.9,"pX":0,"y":-8.95,"skX":1.99,"pY":-0.1,"skY":1.99,"scX":0.25},"z":6,"duration":1}],"offset":0},{"name":"handR","scale":1,"frame":[{"transform":{"scY":0.25,"x":-9,"pX":-0.2,"y":0.25,"skX":43.52,"pY":0.1,"skY":43.52,"scX":0.25},"z":7,"duration":1},{"transform":{"scY":0.25,"x":-10.45,"pX":0.05,"y":-1.4,"skX":56.24,"pY":0.4,"skY":56.24,"scX":0.25},"z":7,"duration":1},{"transform":{"scY":0.25,"x":-11.25,"pX":0.05,"y":-2.95,"skX":66.45,"pY":0.25,"skY":66.45,"scX":0.25},"z":7,"duration":1},{"transform":{"scY":0.25,"x":-12.05,"pX":0.45,"y":-6.2,"skX":86.11,"pY":0.25,"skY":86.11,"scX":0.25},"z":7,"duration":21},{"transform":{"scY":0.25,"x":-11.25,"pX":0.05,"y":-2.95,"skX":66.45,"pY":0.25,"skY":66.45,"scX":0.25},"z":7,"duration":1},{"transform":{"scY":0.25,"x":-10.45,"pX":0.05,"y":-1.4,"skX":56.24,"pY":0.4,"skY":56.24,"scX":0.25},"z":7,"duration":1},{"transform":{"scY":0.25,"x":-9,"pX":-0.2,"y":0.25,"skX":43.52,"pY":0.1,"skY":43.52,"scX":0.25},"z":7,"duration":1}],"offset":0}],"duration":27,"scale":1,"loop":0,"tweenEasing":null,"name":"jump","fadeInTime":0.3},{"autoTween":1,"timeline":[{"name":"footL","scale":1,"frame":[{"transform":{"scY":0.25,"x":0.35,"pX":-0.15,"y":10.1,"skX":44.73,"pY":0.3,"skY":44.73,"scX":0.25},"z":0,"duration":1},{"transform":{"scY":0.25,"x":0.35,"pX":-0.25,"y":10.1,"skX":59.73,"pY":0.45,"skY":59.73,"scX":0.25},"z":0,"duration":1},{"transform":{"scY":0.25,"x":0.35,"pX":-0.25,"y":10.1,"skX":74.73,"pY":0.4,"skY":74.73,"scX":0.25},"z":0,"duration":1},{"transform":{"scY":0.25,"x":0.35,"pX":-0.3,"y":10.1,"skX":85.19,"pY":0.5,"skY":85.19,"scX":0.25},"z":0,"duration":1},{"transform":{"scY":0.25,"x":0.35,"pX":-0.15,"y":10.1,"skX":96.38,"pY":0.45,"skY":96.38,"scX":0.25},"z":0,"duration":1},{"transform":{"scY":0.25,"x":0.35,"pX":-0.3,"y":10.1,"skX":85.19,"pY":0.5,"skY":85.19,"scX":0.25},"z":0,"duration":1},{"transform":{"scY":0.25,"x":0.35,"pX":-0.25,"y":10.1,"skX":74.73,"pY":0.4,"skY":74.73,"scX":0.25},"z":0,"duration":1},{"transform":{"scY":0.25,"x":0.35,"pX":-0.25,"y":10.1,"skX":59.73,"pY":0.45,"skY":59.73,"scX":0.25},"z":0,"duration":1},{"transform":{"scY":0.25,"x":0.35,"pX":0.2,"y":10.1,"skX":39.78,"pY":0.35,"skY":39.78,"scX":0.25},"z":0,"duration":1},{"transform":{"scY":0.25,"x":0.35,"pX":0.1,"y":10.1,"skX":24.78,"pY":0.45,"skY":24.78,"scX":0.25},"z":0,"duration":1},{"transform":{"scY":0.25,"x":0.35,"pX":0.05,"y":10.1,"skX":5.32,"pY":0.45,"skY":5.32,"scX":0.25},"z":0,"duration":1},{"transform":{"scY":0.25,"x":0.35,"pX":-0.3,"y":10.1,"skX":-15.14,"pY":0.45,"skY":-15.14,"scX":0.25},"z":0,"duration":1},{"transform":{"scY":0.25,"x":0.35,"pX":-0.4,"y":10.1,"skX":-26.34,"pY":0.55,"skY":-26.34,"scX":0.25},"z":0,"duration":1},{"transform":{"scY":0.25,"x":0.35,"pX":-0.3,"y":10.1,"skX":-41.34,"pY":0.5,"skY":-41.34,"scX":0.25},"z":0,"duration":1},{"transform":{"scY":0.25,"x":0.35,"pX":-0.35,"y":10.1,"skX":-50.32,"pY":0.25,"skY":-50.32,"scX":0.25},"z":0,"duration":1},{"transform":{"scY":0.25,"x":0.35,"pX":-0.3,"y":10.1,"skX":-41.34,"pY":0.5,"skY":-41.34,"scX":0.25},"z":0,"duration":1},{"transform":{"scY":0.25,"x":0.35,"pX":-0.4,"y":10.1,"skX":-26.34,"pY":0.55,"skY":-26.34,"scX":0.25},"z":0,"duration":1},{"transform":{"scY":0.25,"x":0.35,"pX":-0.3,"y":10.1,"skX":-15.14,"pY":0.45,"skY":-15.14,"scX":0.25},"z":0,"duration":1},{"transform":{"scY":0.25,"x":0.35,"pX":0.05,"y":10.1,"skX":5.32,"pY":0.45,"skY":5.32,"scX":0.25},"z":0,"duration":1},{"transform":{"scY":0.25,"x":0.35,"pX":0.1,"y":10.1,"skX":24.78,"pY":0.45,"skY":24.78,"scX":0.25},"z":0,"duration":1}],"offset":0},{"name":"handL","scale":1,"frame":[{"transform":{"scY":0.25,"x":8.35,"pX":0.1,"y":3.3,"skX":-17.77,"pY":-0.05,"skY":-17.77,"scX":0.25},"z":1,"duration":1},{"transform":{"scY":0.25,"x":9.9,"pX":0.2,"y":2.7,"skX":-27.33,"pY":-0.15,"skY":-27.33,"scX":0.25},"z":1,"duration":1},{"transform":{"scY":0.25,"x":11.15,"pX":0.3,"y":1.95,"skX":-35.82,"pY":-0.05,"skY":-35.82,"scX":0.25},"z":1,"duration":1},{"transform":{"scY":0.25,"x":12.25,"pX":0.25,"y":1.05,"skX":-44.05,"pY":0.05,"skY":-44.05,"scX":0.25},"z":1,"duration":1},{"transform":{"scY":0.25,"x":14.3,"pX":0.35,"y":-1.95,"skX":-65.05,"pY":0.45,"skY":-65.05,"scX":0.25},"z":1,"duration":1},{"transform":{"scY":0.25,"x":12.25,"pX":0.25,"y":1.05,"skX":-44.05,"pY":0.05,"skY":-44.05,"scX":0.25},"z":1,"duration":1},{"transform":{"scY":0.25,"x":11.15,"pX":0.3,"y":1.95,"skX":-35.82,"pY":-0.05,"skY":-35.82,"scX":0.25},"z":1,"duration":1},{"transform":{"scY":0.25,"x":9.9,"pX":0.2,"y":2.7,"skX":-27.33,"pY":-0.15,"skY":-27.33,"scX":0.25},"z":1,"duration":1},{"transform":{"scY":0.25,"x":8.35,"pX":0.1,"y":3.3,"skX":-17.77,"pY":-0.05,"skY":-17.77,"scX":0.25},"z":1,"duration":1},{"transform":{"scY":0.25,"x":4.3,"pX":0.05,"y":3.7,"skX":6.18,"pY":-0.05,"skY":6.18,"scX":0.25},"z":1,"duration":1},{"transform":{"scY":0.25,"x":0.55,"pX":-0.2,"y":2.45,"skX":29.64,"pY":0,"skY":29.64,"scX":0.25},"z":1,"duration":1},{"transform":{"scY":0.25,"x":-2.35,"pX":-0.3,"y":-0.15,"skX":52.88,"pY":0.1,"skY":52.88,"scX":0.25},"z":1,"duration":1},{"transform":{"scY":0.25,"x":-3.3,"pX":-0.5,"y":-1.75,"skX":64.09,"pY":0.15,"skY":64.09,"scX":0.25},"z":1,"duration":1},{"transform":{"scY":0.25,"x":-4,"pX":-0.55,"y":-3.5,"skX":75.56,"pY":0.05,"skY":75.56,"scX":0.25},"z":1,"duration":1},{"transform":{"scY":0.25,"x":-4.35,"pX":-0.95,"y":-5.5,"skX":88,"pY":0.15,"skY":88,"scX":0.25},"z":1,"duration":1},{"transform":{"scY":0.25,"x":-4,"pX":-0.55,"y":-3.5,"skX":75.56,"pY":0.05,"skY":75.56,"scX":0.25},"z":1,"duration":1},{"transform":{"scY":0.25,"x":-3.3,"pX":-0.5,"y":-1.75,"skX":64.09,"pY":0.15,"skY":64.09,"scX":0.25},"z":1,"duration":1},{"transform":{"scY":0.25,"x":-2.35,"pX":-0.3,"y":-0.15,"skX":52.88,"pY":0.1,"skY":52.88,"scX":0.25},"z":1,"duration":1},{"transform":{"scY":0.25,"x":0.55,"pX":-0.2,"y":2.45,"skX":29.64,"pY":0,"skY":29.64,"scX":0.25},"z":1,"duration":1},{"transform":{"scY":0.25,"x":4.3,"pX":0.05,"y":3.7,"skX":6.18,"pY":-0.05,"skY":6.18,"scX":0.25},"z":1,"duration":1}],"offset":0},{"name":"armL","scale":1,"frame":[{"transform":{"scY":0.25,"x":5.35,"pX":-0.05,"y":-6,"skX":-17.77,"pY":0.15,"skY":-17.77,"scX":0.25},"z":2,"duration":1},{"transform":{"scY":0.25,"x":5.35,"pX":0.25,"y":-6,"skX":-27.33,"pY":0.35,"skY":-27.33,"scX":0.25},"z":2,"duration":1},{"transform":{"scY":0.25,"x":5.35,"pX":0.25,"y":-6,"skX":-35.82,"pY":0.55,"skY":-35.82,"scX":0.25},"z":2,"duration":1},{"transform":{"scY":0.25,"x":5.35,"pX":0.3,"y":-6,"skX":-44.05,"pY":0.55,"skY":-44.05,"scX":0.25},"z":2,"duration":1},{"transform":{"scY":0.25,"x":5.35,"pX":0.45,"y":-6,"skX":-65.05,"pY":0.6,"skY":-65.05,"scX":0.25},"z":2,"duration":1},{"transform":{"scY":0.25,"x":5.35,"pX":0.3,"y":-6,"skX":-44.05,"pY":0.55,"skY":-44.05,"scX":0.25},"z":2,"duration":1},{"transform":{"scY":0.25,"x":5.35,"pX":0.25,"y":-6,"skX":-35.82,"pY":0.55,"skY":-35.82,"scX":0.25},"z":2,"duration":1},{"transform":{"scY":0.25,"x":5.35,"pX":0.25,"y":-6,"skX":-27.33,"pY":0.35,"skY":-27.33,"scX":0.25},"z":2,"duration":1},{"transform":{"scY":0.25,"x":5.35,"pX":-0.05,"y":-6,"skX":-17.77,"pY":0.15,"skY":-17.77,"scX":0.25},"z":2,"duration":1},{"transform":{"scY":0.25,"x":5.35,"pX":-0.1,"y":-6,"skX":6.18,"pY":0.2,"skY":6.18,"scX":0.25},"z":2,"duration":1},{"transform":{"scY":0.25,"x":5.35,"pX":-0.3,"y":-6,"skX":29.64,"pY":0.15,"skY":29.64,"scX":0.25},"z":2,"duration":1},{"transform":{"scY":0.25,"x":5.35,"pX":-0.3,"y":-6,"skX":52.88,"pY":0,"skY":52.88,"scX":0.25},"z":2,"duration":1},{"transform":{"scY":0.25,"x":5.35,"pX":-0.35,"y":-6,"skX":64.09,"pY":-0.05,"skY":64.09,"scX":0.25},"z":2,"duration":1},{"transform":{"scY":0.25,"x":5.35,"pX":-0.2,"y":-6,"skX":75.56,"pY":-0.1,"skY":75.56,"scX":0.25},"z":2,"duration":1},{"transform":{"scY":0.25,"x":5.35,"pX":-0.05,"y":-6,"skX":88,"pY":-0.15,"skY":88,"scX":0.25},"z":2,"duration":1},{"transform":{"scY":0.25,"x":5.35,"pX":-0.2,"y":-6,"skX":75.56,"pY":-0.1,"skY":75.56,"scX":0.25},"z":2,"duration":1},{"transform":{"scY":0.25,"x":5.35,"pX":-0.35,"y":-6,"skX":64.09,"pY":-0.05,"skY":64.09,"scX":0.25},"z":2,"duration":1},{"transform":{"scY":0.25,"x":5.35,"pX":-0.3,"y":-6,"skX":52.88,"pY":0,"skY":52.88,"scX":0.25},"z":2,"duration":1},{"transform":{"scY":0.25,"x":5.35,"pX":-0.3,"y":-6,"skX":29.64,"pY":0.15,"skY":29.64,"scX":0.25},"z":2,"duration":1},{"transform":{"scY":0.25,"x":5.35,"pX":-0.1,"y":-6,"skX":6.18,"pY":0.2,"skY":6.18,"scX":0.25},"z":2,"duration":1}],"offset":0},{"name":"footR","scale":1,"frame":[{"transform":{"scY":0.25,"x":0.5,"pX":-0.1,"y":9.8,"skX":-37.49,"pY":-0.1,"skY":-37.49,"scX":0.25},"z":3,"duration":1},{"transform":{"scY":0.25,"x":0.5,"pX":-0.05,"y":9.8,"skX":-45.22,"pY":0,"skY":-45.22,"scX":0.25},"z":3,"duration":1},{"transform":{"scY":0.25,"x":0.5,"pX":-0.2,"y":9.8,"skX":-60.22,"pY":-0.1,"skY":-60.22,"scX":0.25},"z":3,"duration":1},{"transform":{"scY":0.25,"x":0.5,"pX":-0.05,"y":9.8,"skX":-68.46,"pY":-0.1,"skY":-68.46,"scX":0.25},"z":3,"duration":1},{"transform":{"scY":0.25,"x":0.5,"pX":0.05,"y":9.8,"skX":-81.38,"pY":-0.2,"skY":-81.38,"scX":0.25},"z":3,"duration":1},{"transform":{"scY":0.25,"x":0.5,"pX":-0.05,"y":9.8,"skX":-68.46,"pY":-0.1,"skY":-68.46,"scX":0.25},"z":3,"duration":1},{"transform":{"scY":0.25,"x":0.5,"pX":-0.2,"y":9.8,"skX":-60.22,"pY":-0.1,"skY":-60.22,"scX":0.25},"z":3,"duration":1},{"transform":{"scY":0.25,"x":0.5,"pX":-0.05,"y":9.8,"skX":-45.22,"pY":0,"skY":-45.22,"scX":0.25},"z":3,"duration":1},{"transform":{"scY":0.25,"x":0.5,"pX":-0.2,"y":9.8,"skX":-22.49,"pY":-0.15,"skY":-22.49,"scX":0.25},"z":3,"duration":1},{"transform":{"scY":0.25,"x":0.5,"pX":-0.35,"y":9.8,"skX":-7.49,"pY":-0.3,"skY":-7.49,"scX":0.25},"z":3,"duration":1},{"transform":{"scY":0.25,"x":0.5,"pX":-0.35,"y":9.8,"skX":17.24,"pY":-0.15,"skY":17.24,"scX":0.25},"z":3,"duration":1},{"transform":{"scY":0.25,"x":0.45,"pX":-0.55,"y":9.8,"skX":32.24,"pY":-0.15,"skY":32.24,"scX":0.25},"z":3,"duration":1},{"transform":{"scY":0.25,"x":0.45,"pX":-0.6,"y":9.8,"skX":41.98,"pY":-0.1,"skY":41.98,"scX":0.25},"z":3,"duration":1},{"transform":{"scY":0.25,"x":0.45,"pX":-0.75,"y":9.8,"skX":50.92,"pY":0,"skY":50.92,"scX":0.25},"z":3,"duration":1},{"transform":{"scY":0.25,"x":0.45,"pX":-0.65,"y":9.8,"skX":61.9,"pY":0.2,"skY":61.9,"scX":0.25},"z":3,"duration":1},{"transform":{"scY":0.25,"x":0.45,"pX":-0.75,"y":9.8,"skX":50.92,"pY":0,"skY":50.92,"scX":0.25},"z":3,"duration":1},{"transform":{"scY":0.25,"x":0.45,"pX":-0.6,"y":9.8,"skX":41.98,"pY":-0.1,"skY":41.98,"scX":0.25},"z":3,"duration":1},{"transform":{"scY":0.25,"x":0.45,"pX":-0.55,"y":9.8,"skX":32.24,"pY":-0.15,"skY":32.24,"scX":0.25},"z":3,"duration":1},{"transform":{"scY":0.25,"x":0.5,"pX":-0.35,"y":9.8,"skX":17.24,"pY":-0.15,"skY":17.24,"scX":0.25},"z":3,"duration":1},{"transform":{"scY":0.25,"x":0.5,"pX":-0.35,"y":9.8,"skX":-7.49,"pY":-0.3,"skY":-7.49,"scX":0.25},"z":3,"duration":1}],"offset":0},{"name":"body","scale":1,"frame":[{"z":4,"duration":1,"transform":{"scY":0.25,"x":0.75,"pX":0.05,"y":0.35,"skX":5.98,"pY":-0.05,"skY":5.98,"scX":0.25},"colorTransform":{"rM":0,"aO":0,"gM":0,"rO":255,"bM":0,"gO":0,"bO":0,"aM":100}},{"z":4,"duration":1,"transform":{"scY":0.25,"x":0.75,"pX":0.05,"y":0.35,"skX":5.98,"pY":-0.05,"skY":5.98,"scX":0.25},"colorTransform":{"rM":0,"aO":0,"gM":0,"rO":255,"bM":0,"gO":153,"bO":0,"aM":100}},{"z":4,"duration":1,"transform":{"scY":0.25,"x":0.75,"pX":0.05,"y":0.35,"skX":5.98,"pY":-0.05,"skY":5.98,"scX":0.25},"colorTransform":{"rM":0,"aO":0,"gM":0,"rO":255,"bM":0,"gO":255,"bO":0,"aM":100}},{"z":4,"duration":1,"transform":{"scY":0.25,"x":0.75,"pX":0.05,"y":0.35,"skX":5.98,"pY":-0.05,"skY":5.98,"scX":0.25},"colorTransform":{"rM":0,"aO":0,"gM":0,"rO":102,"bM":0,"gO":255,"bO":0,"aM":100}},{"z":4,"duration":1,"transform":{"scY":0.25,"x":0.75,"pX":0.05,"y":0.35,"skX":5.98,"pY":-0.05,"skY":5.98,"scX":0.25},"colorTransform":{"rM":0,"aO":0,"gM":0,"rO":51,"bM":0,"gO":255,"bO":255,"aM":100}},{"z":4,"duration":1,"transform":{"scY":0.25,"x":0.75,"pX":0.05,"y":0.35,"skX":5.98,"pY":-0.05,"skY":5.98,"scX":0.25},"colorTransform":{"rM":0,"aO":0,"gM":0,"rO":51,"bM":0,"gO":102,"bO":255,"aM":100}},{"z":4,"duration":1,"transform":{"scY":0.25,"x":0.75,"pX":0.05,"y":0.35,"skX":5.98,"pY":-0.05,"skY":5.98,"scX":0.25},"colorTransform":{"rM":0,"aO":0,"gM":0,"rO":153,"bM":0,"gO":102,"bO":255,"aM":100}},{"z":4,"duration":1,"transform":{"scY":0.25,"x":0.75,"pX":0.05,"y":0.35,"skX":5.98,"pY":-0.05,"skY":5.98,"scX":0.25},"colorTransform":{"rM":0,"aO":0,"gM":0,"rO":255,"bM":0,"gO":0,"bO":0,"aM":100}},{"z":4,"duration":1,"transform":{"scY":0.25,"x":0.75,"pX":0.05,"y":0.35,"skX":5.98,"pY":-0.05,"skY":5.98,"scX":0.25},"colorTransform":{"rM":0,"aO":0,"gM":0,"rO":255,"bM":0,"gO":153,"bO":0,"aM":100}},{"z":4,"duration":1,"transform":{"scY":0.25,"x":0.75,"pX":0.05,"y":0.35,"skX":5.98,"pY":-0.05,"skY":5.98,"scX":0.25},"colorTransform":{"rM":0,"aO":0,"gM":0,"rO":255,"bM":0,"gO":255,"bO":0,"aM":100}},{"z":4,"duration":1,"transform":{"scY":0.25,"x":0.75,"pX":0.05,"y":0.35,"skX":5.98,"pY":-0.05,"skY":5.98,"scX":0.25},"colorTransform":{"rM":0,"aO":0,"gM":0,"rO":102,"bM":0,"gO":255,"bO":0,"aM":100}},{"z":4,"duration":1,"transform":{"scY":0.25,"x":0.75,"pX":0.05,"y":0.35,"skX":5.98,"pY":-0.05,"skY":5.98,"scX":0.25},"colorTransform":{"rM":0,"aO":0,"gM":0,"rO":51,"bM":0,"gO":255,"bO":255,"aM":100}},{"z":4,"duration":1,"transform":{"scY":0.25,"x":0.75,"pX":0.05,"y":0.35,"skX":5.98,"pY":-0.05,"skY":5.98,"scX":0.25},"colorTransform":{"rM":0,"aO":0,"gM":0,"rO":51,"bM":0,"gO":153,"bO":255,"aM":100}},{"z":4,"duration":1,"transform":{"scY":0.25,"x":0.75,"pX":0.05,"y":0.35,"skX":5.98,"pY":-0.05,"skY":5.98,"scX":0.25},"colorTransform":{"rM":0,"aO":0,"gM":0,"rO":153,"bM":0,"gO":102,"bO":255,"aM":100}},{"z":4,"duration":1,"transform":{"scY":0.25,"x":0.75,"pX":0.05,"y":0.35,"skX":5.98,"pY":-0.05,"skY":5.98,"scX":0.25},"colorTransform":{"rM":0,"aO":0,"gM":0,"rO":255,"bM":0,"gO":0,"bO":0,"aM":100}},{"z":4,"duration":1,"transform":{"scY":0.25,"x":0.75,"pX":0.05,"y":0.35,"skX":5.98,"pY":-0.05,"skY":5.98,"scX":0.25},"colorTransform":{"rM":0,"aO":0,"gM":0,"rO":255,"bM":0,"gO":153,"bO":0,"aM":100}},{"z":4,"duration":1,"transform":{"scY":0.25,"x":0.75,"pX":0.05,"y":0.35,"skX":5.98,"pY":-0.05,"skY":5.98,"scX":0.25},"colorTransform":{"rM":0,"aO":0,"gM":0,"rO":255,"bM":0,"gO":255,"bO":0,"aM":100}},{"z":4,"duration":1,"transform":{"scY":0.25,"x":0.75,"pX":0.05,"y":0.35,"skX":5.98,"pY":-0.05,"skY":5.98,"scX":0.25},"colorTransform":{"rM":0,"aO":0,"gM":0,"rO":102,"bM":0,"gO":255,"bO":0,"aM":100}},{"z":4,"duration":1,"transform":{"scY":0.25,"x":0.75,"pX":0.05,"y":0.35,"skX":5.98,"pY":-0.05,"skY":5.98,"scX":0.25},"colorTransform":{"rM":0,"aO":0,"gM":0,"rO":51,"bM":0,"gO":255,"bO":255,"aM":100}},{"z":4,"duration":1,"transform":{"scY":0.25,"x":0.75,"pX":0.05,"y":0.35,"skX":5.98,"pY":-0.05,"skY":5.98,"scX":0.25},"colorTransform":{"rM":0,"aO":0,"gM":0,"rO":51,"bM":0,"gO":153,"bO":255,"aM":100}}],"offset":0},{"name":"armR","scale":1,"frame":[{"transform":{"scY":0.25,"x":-2.3,"pX":-0.4,"y":-6.8,"skX":43.52,"pY":0.05,"skY":43.52,"scX":0.25},"z":5,"duration":1},{"transform":{"scY":0.25,"x":-2.3,"pX":-0.45,"y":-6.8,"skX":56.24,"pY":0.4,"skY":56.24,"scX":0.25},"z":5,"duration":1},{"transform":{"scY":0.25,"x":-2.3,"pX":-0.35,"y":-6.8,"skX":66.45,"pY":0.3,"skY":66.45,"scX":0.25},"z":5,"duration":1},{"transform":{"scY":0.25,"x":-2.3,"pX":-0.45,"y":-6.8,"skX":76.4,"pY":0.3,"skY":76.4,"scX":0.25},"z":5,"duration":1},{"transform":{"scY":0.25,"x":-2.3,"pX":-0.3,"y":-6.8,"skX":86.11,"pY":0.35,"skY":86.11,"scX":0.25},"z":5,"duration":1},{"transform":{"scY":0.25,"x":-2.3,"pX":-0.45,"y":-6.8,"skX":76.4,"pY":0.3,"skY":76.4,"scX":0.25},"z":5,"duration":1},{"transform":{"scY":0.25,"x":-2.3,"pX":-0.35,"y":-6.8,"skX":66.45,"pY":0.3,"skY":66.45,"scX":0.25},"z":5,"duration":1},{"transform":{"scY":0.25,"x":-2.3,"pX":-0.45,"y":-6.8,"skX":56.24,"pY":0.4,"skY":56.24,"scX":0.25},"z":5,"duration":1},{"transform":{"scY":0.25,"x":-2.3,"pX":-0.55,"y":-6.8,"skX":28.52,"pY":0.15,"skY":28.52,"scX":0.25},"z":5,"duration":1},{"transform":{"scY":0.25,"x":-2.3,"pX":-0.45,"y":-6.8,"skX":4.27,"pY":0.2,"skY":4.27,"scX":0.25},"z":5,"duration":1},{"transform":{"scY":0.25,"x":-2.3,"pX":-0.35,"y":-6.8,"skX":-10.73,"pY":0.1,"skY":-10.73,"scX":0.25},"z":5,"duration":1},{"transform":{"scY":0.25,"x":-2.3,"pX":-0.45,"y":-6.8,"skX":-34.21,"pY":0,"skY":-34.21,"scX":0.25},"z":5,"duration":1},{"transform":{"scY":0.25,"x":-2.3,"pX":-0.5,"y":-6.8,"skX":-49.21,"pY":-0.05,"skY":-49.21,"scX":0.25},"z":5,"duration":1},{"transform":{"scY":0.25,"x":-2.3,"pX":-0.55,"y":-6.8,"skX":-55.67,"pY":0.05,"skY":-55.67,"scX":0.25},"z":5,"duration":1},{"transform":{"scY":0.25,"x":-2.3,"pX":-0.5,"y":-6.8,"skX":-70.67,"pY":-0.05,"skY":-70.67,"scX":0.25},"z":5,"duration":1},{"transform":{"scY":0.25,"x":-2.3,"pX":-0.55,"y":-6.8,"skX":-55.67,"pY":0.05,"skY":-55.67,"scX":0.25},"z":5,"duration":1},{"transform":{"scY":0.25,"x":-2.3,"pX":-0.5,"y":-6.8,"skX":-49.21,"pY":-0.05,"skY":-49.21,"scX":0.25},"z":5,"duration":1},{"transform":{"scY":0.25,"x":-2.3,"pX":-0.45,"y":-6.8,"skX":-34.21,"pY":0,"skY":-34.21,"scX":0.25},"z":5,"duration":1},{"transform":{"scY":0.25,"x":-2.3,"pX":-0.35,"y":-6.8,"skX":-10.73,"pY":0.1,"skY":-10.73,"scX":0.25},"z":5,"duration":1},{"transform":{"scY":0.25,"x":-2.3,"pX":-0.45,"y":-6.8,"skX":4.27,"pY":0.2,"skY":4.27,"scX":0.25},"z":5,"duration":1}],"offset":0},{"name":"head","scale":1,"frame":[{"transform":{"scY":0.25,"x":2.9,"pX":0,"y":-8.95,"skX":1.99,"pY":-0.1,"skY":1.99,"scX":0.25},"z":6,"duration":1},{"transform":{"scY":0.25,"x":2.9,"pX":0,"y":-8.95,"skX":1.99,"pY":-0.1,"skY":1.99,"scX":0.25},"z":6,"duration":1},{"transform":{"scY":0.25,"x":2.9,"pX":0,"y":-8.7,"skX":1.99,"pY":-0.1,"skY":1.99,"scX":0.25},"z":6,"duration":1},{"transform":{"scY":0.25,"x":3.15,"pX":0,"y":-8.7,"skX":1.99,"pY":-0.1,"skY":1.99,"scX":0.25},"z":6,"duration":1},{"transform":{"scY":0.25,"x":3.4,"pX":-0.05,"y":-8.45,"skX":1.99,"pY":-0.1,"skY":1.99,"scX":0.25},"z":6,"duration":1},{"transform":{"scY":0.25,"x":3.15,"pX":0,"y":-8.7,"skX":1.99,"pY":-0.1,"skY":1.99,"scX":0.25},"z":6,"duration":1},{"transform":{"scY":0.25,"x":2.9,"pX":0,"y":-8.7,"skX":1.99,"pY":-0.1,"skY":1.99,"scX":0.25},"z":6,"duration":1},{"transform":{"scY":0.25,"x":2.9,"pX":0,"y":-8.95,"skX":1.99,"pY":-0.1,"skY":1.99,"scX":0.25},"z":6,"duration":1},{"transform":{"scY":0.25,"x":2.9,"pX":0,"y":-8.95,"skX":1.99,"pY":-0.1,"skY":1.99,"scX":0.25},"z":6,"duration":1},{"transform":{"scY":0.25,"x":2.65,"pX":0,"y":-8.95,"skX":1.99,"pY":-0.1,"skY":1.99,"scX":0.25},"z":6,"duration":1},{"transform":{"scY":0.25,"x":2.4,"pX":0,"y":-9.2,"skX":1.99,"pY":-0.1,"skY":1.99,"scX":0.25},"z":6,"duration":1},{"transform":{"scY":0.25,"x":2.4,"pX":0,"y":-9.45,"skX":1.99,"pY":-0.1,"skY":1.99,"scX":0.25},"z":6,"duration":1},{"transform":{"scY":0.25,"x":2.15,"pX":0,"y":-9.45,"skX":1.99,"pY":-0.1,"skY":1.99,"scX":0.25},"z":6,"duration":1},{"transform":{"scY":0.25,"x":2.15,"pX":0,"y":-9.7,"skX":1.99,"pY":-0.1,"skY":1.99,"scX":0.25},"z":6,"duration":1},{"transform":{"scY":0.25,"x":2.15,"pX":0,"y":-9.95,"skX":1.99,"pY":-0.1,"skY":1.99,"scX":0.25},"z":6,"duration":1},{"transform":{"scY":0.25,"x":2.15,"pX":0,"y":-9.7,"skX":1.99,"pY":-0.1,"skY":1.99,"scX":0.25},"z":6,"duration":1},{"transform":{"scY":0.25,"x":2.15,"pX":0,"y":-9.45,"skX":1.99,"pY":-0.1,"skY":1.99,"scX":0.25},"z":6,"duration":1},{"transform":{"scY":0.25,"x":2.4,"pX":0,"y":-9.45,"skX":1.99,"pY":-0.1,"skY":1.99,"scX":0.25},"z":6,"duration":1},{"transform":{"scY":0.25,"x":2.4,"pX":0,"y":-9.2,"skX":1.99,"pY":-0.1,"skY":1.99,"scX":0.25},"z":6,"duration":1},{"transform":{"scY":0.25,"x":2.65,"pX":0,"y":-8.95,"skX":1.99,"pY":-0.1,"skY":1.99,"scX":0.25},"z":6,"duration":1}],"offset":0},{"name":"handR","scale":1,"frame":[{"transform":{"scY":0.25,"x":-9,"pX":-0.2,"y":0.25,"skX":43.52,"pY":0.1,"skY":43.52,"scX":0.25},"z":7,"duration":1},{"transform":{"scY":0.25,"x":-10.45,"pX":0.05,"y":-1.4,"skX":56.24,"pY":0.4,"skY":56.24,"scX":0.25},"z":7,"duration":1},{"transform":{"scY":0.25,"x":-11.25,"pX":0.05,"y":-2.95,"skX":66.45,"pY":0.25,"skY":66.45,"scX":0.25},"z":7,"duration":1},{"transform":{"scY":0.25,"x":-11.8,"pX":0.25,"y":-4.55,"skX":76.4,"pY":0.25,"skY":76.4,"scX":0.25},"z":7,"duration":1},{"transform":{"scY":0.25,"x":-12.05,"pX":0.45,"y":-6.2,"skX":86.11,"pY":0.25,"skY":86.11,"scX":0.25},"z":7,"duration":1},{"transform":{"scY":0.25,"x":-11.8,"pX":0.25,"y":-4.55,"skX":76.4,"pY":0.25,"skY":76.4,"scX":0.25},"z":7,"duration":1},{"transform":{"scY":0.25,"x":-11.25,"pX":0.05,"y":-2.95,"skX":66.45,"pY":0.25,"skY":66.45,"scX":0.25},"z":7,"duration":1},{"transform":{"scY":0.25,"x":-10.45,"pX":0.05,"y":-1.4,"skX":56.24,"pY":0.4,"skY":56.24,"scX":0.25},"z":7,"duration":1},{"transform":{"scY":0.25,"x":-7,"pX":-0.15,"y":1.75,"skX":28.52,"pY":0,"skY":28.52,"scX":0.25},"z":7,"duration":1},{"transform":{"scY":0.25,"x":-3.1,"pX":0,"y":2.95,"skX":4.27,"pY":0.05,"skY":4.27,"scX":0.25},"z":7,"duration":1},{"transform":{"scY":0.25,"x":-0.6,"pX":0.25,"y":2.8,"skX":-10.73,"pY":0.2,"skY":-10.73,"scX":0.25},"z":7,"duration":1},{"transform":{"scY":0.25,"x":3.05,"pX":0.35,"y":1.35,"skX":-34.21,"pY":0.45,"skY":-34.21,"scX":0.25},"z":7,"duration":1},{"transform":{"scY":0.25,"x":4.95,"pX":0.35,"y":-0.3,"skX":-49.21,"pY":0.45,"skY":-49.21,"scX":0.25},"z":7,"duration":1},{"transform":{"scY":0.25,"x":5.6,"pX":0.55,"y":-1.15,"skX":-55.67,"pY":0.6,"skY":-55.67,"scX":0.25},"z":7,"duration":1},{"transform":{"scY":0.25,"x":6.75,"pX":0.6,"y":-3.4,"skX":-70.67,"pY":0.55,"skY":-70.67,"scX":0.25},"z":7,"duration":1},{"transform":{"scY":0.25,"x":5.6,"pX":0.55,"y":-1.15,"skX":-55.67,"pY":0.6,"skY":-55.67,"scX":0.25},"z":7,"duration":1},{"transform":{"scY":0.25,"x":4.95,"pX":0.35,"y":-0.3,"skX":-49.21,"pY":0.45,"skY":-49.21,"scX":0.25},"z":7,"duration":1},{"transform":{"scY":0.25,"x":3.05,"pX":0.35,"y":1.35,"skX":-34.21,"pY":0.45,"skY":-34.21,"scX":0.25},"z":7,"duration":1},{"transform":{"scY":0.25,"x":-0.6,"pX":0.25,"y":2.8,"skX":-10.73,"pY":0.2,"skY":-10.73,"scX":0.25},"z":7,"duration":1},{"transform":{"scY":0.25,"x":-3.1,"pX":0,"y":2.95,"skX":4.27,"pY":0.05,"skY":4.27,"scX":0.25},"z":7,"duration":1}],"offset":0}],"duration":20,"scale":1,"loop":0,"tweenEasing":null,"name":"color","fadeInTime":0.3}]}],"version":2.3}