{"frameRate":36,"name":"角色4","armature":[{"name":"redcap","bone":[{"transform":{"scX":0.25,"skX":6.24,"x":5.25,"scY":0.25,"y":9.15,"skY":6.24},"name":"footL","parent":"body"},{"transform":{"scX":0.25,"skX":135,"x":13.8,"scY":0.25,"y":-2.2,"skY":135},"name":"handL","parent":"armL"},{"transform":{"scX":0.25,"skX":-45,"x":6.9,"scY":0.25,"y":-9.1,"skY":-45},"name":"armL","parent":"body"},{"transform":{"scX":0.25,"skX":-6.47,"x":-4.25,"scY":0.25,"y":8.95,"skY":-6.47},"name":"footR","parent":"body"},{"transform":{"scX":0.25,"skX":0,"x":0,"scY":0.25,"y":-2,"skY":0},"name":"body"},{"transform":{"scX":0.25,"skX":45,"x":-7.35,"scY":0.25,"y":-9.05,"skY":45},"name":"armR","parent":"body"},{"transform":{"scX":0.25,"skX":0,"x":-0.3,"scY":0.25,"y":-11.5,"skY":0},"name":"head","parent":"body"},{"transform":{"scX":0.25,"skX":45,"x":-14.25,"scY":0.25,"y":-2.1,"skY":45},"name":"handR","parent":"armR"}],"skin":[{"slot":[{"name":"footL","z":0,"display":[{"transform":{"scX":1,"x":-13.15,"scY":1,"y":-9.65,"pY":0,"pX":0,"skX":0,"skY":0},"name":"legL","type":"image"}],"parent":"footL"},{"name":"handL","z":1,"display":[{"transform":{"scX":1,"x":-9.75,"scY":1,"y":-9.75,"pY":0,"pX":0,"skX":0,"skY":0},"name":"handL","type":"image"}],"parent":"handL"},{"name":"armL","z":2,"display":[{"transform":{"scX":1,"x":-9.5,"scY":1,"y":-7.2,"pY":0,"pX":0,"skX":0,"skY":0},"name":"armL","type":"image"}],"parent":"armL"},{"name":"footR","z":3,"display":[{"transform":{"scX":1,"x":-25.5,"scY":1,"y":-8.95,"pY":-0.1,"pX":0.1,"skX":0,"skY":0},"name":"legR","type":"image"}],"parent":"footR"},{"name":"body","z":4,"display":[{"transform":{"scX":1,"x":-48.4,"scY":1,"y":-48.6,"pY":0,"pX":0,"skX":0,"skY":0},"name":"body","type":"image"}],"parent":"body"},{"name":"armR","z":5,"display":[{"transform":{"scX":1,"x":-9.45,"scY":1,"y":-7.25,"pY":0,"pX":0,"skX":0,"skY":0},"name":"armR","type":"image"}],"parent":"armR"},{"name":"head","z":6,"display":[{"transform":{"scX":1,"x":-96.6,"scY":1,"y":-125,"pY":0,"pX":0,"skX":0,"skY":0},"name":"head","type":"image"}],"parent":"head"},{"name":"handR","z":7,"display":[{"transform":{"scX":1,"x":-9.6,"scY":1,"y":-9.9,"pY":0,"pX":0,"skX":0,"skY":0},"name":"handR","type":"image"}],"parent":"handR"}],"name":"default"}],"animation":[{"autoTween":1,"timeline":[{"name":"footL","scale":1,"frame":[{"z":0,"duration":10,"transform":{"scX":0.25,"x":5.25,"scY":0.25,"y":9.15,"pY":0,"pX":0,"skX":6.24,"skY":6.24},"tweenEasing":0},{"z":0,"duration":10,"transform":{"scX":0.25,"x":5.25,"scY":0.25,"y":9.15,"pY":0.05,"pX":0.05,"skX":4.66,"skY":4.66},"tweenEasing":0},{"z":0,"duration":1,"transform":{"scX":0.25,"x":5.25,"scY":0.25,"y":9.15,"pY":0,"pX":0,"skX":6.24,"skY":6.24},"tweenEasing":0}],"offset":0},{"name":"handL","scale":1,"frame":[{"z":1,"duration":10,"transform":{"scX":0.25,"x":13.8,"scY":0.25,"y":-2.2,"pY":0,"pX":0,"skX":135,"skY":135},"tweenEasing":0},{"z":1,"duration":10,"transform":{"scX":0.25,"x":12.85,"scY":0.25,"y":-0.8,"pY":0,"pX":0.05,"skX":142.47,"skY":142.47},"tweenEasing":0},{"z":1,"duration":1,"transform":{"scX":0.25,"x":13.8,"scY":0.25,"y":-2.2,"pY":0,"pX":0,"skX":135,"skY":135},"tweenEasing":0}],"offset":0},{"name":"armL","scale":1,"frame":[{"z":2,"duration":10,"transform":{"scX":0.25,"x":6.9,"scY":0.25,"y":-9.1,"pY":0,"pX":0,"skX":-45,"skY":-45},"tweenEasing":0},{"z":2,"duration":10,"transform":{"scX":0.25,"x":6.9,"scY":0.25,"y":-8.55,"pY":0.05,"pX":-0.2,"skX":-37.53,"skY":-37.53},"tweenEasing":0},{"z":2,"duration":1,"transform":{"scX":0.25,"x":6.9,"scY":0.25,"y":-9.1,"pY":0,"pX":0,"skX":-45,"skY":-45},"tweenEasing":0}],"offset":0},{"name":"footR","scale":1,"frame":[{"z":3,"duration":10,"transform":{"scX":0.25,"x":-4.25,"scY":0.25,"y":8.95,"pY":0,"pX":0,"skX":-6.47,"skY":-6.47},"tweenEasing":0},{"z":3,"duration":10,"transform":{"scX":0.25,"x":-4.25,"scY":0.25,"y":8.95,"pY":0.05,"pX":-0.2,"skX":-5.42,"skY":-5.41},"tweenEasing":0},{"z":3,"duration":1,"transform":{"scX":0.25,"x":-4.25,"scY":0.25,"y":8.95,"pY":0,"pX":0,"skX":-6.47,"skY":-6.47},"tweenEasing":0}],"offset":0},{"name":"body","scale":1,"frame":[{"z":4,"duration":10,"transform":{"scX":0.25,"x":0,"scY":0.25,"y":-2,"pY":0,"pX":0,"skX":0,"skY":0},"tweenEasing":0},{"z":4,"duration":10,"transform":{"scX":0.25,"x":0,"scY":0.25,"y":-1.45,"pY":0.2,"pX":0,"skX":0,"skY":0},"tweenEasing":0},{"z":4,"duration":1,"transform":{"scX":0.25,"x":0,"scY":0.25,"y":-2,"pY":0,"pX":0,"skX":0,"skY":0},"tweenEasing":0}],"offset":0},{"name":"armR","scale":1,"frame":[{"z":5,"duration":10,"transform":{"scX":0.25,"x":-7.35,"scY":0.25,"y":-9.05,"pY":0,"pX":0,"skX":45,"skY":45},"tweenEasing":0},{"z":5,"duration":10,"transform":{"scX":0.25,"x":-7.35,"scY":0.25,"y":-8.45,"pY":-0.1,"pX":-0.15,"skX":36.27,"skY":36.27},"tweenEasing":0},{"z":5,"duration":1,"transform":{"scX":0.25,"x":-7.35,"scY":0.25,"y":-9.05,"pY":0,"pX":0,"skX":45,"skY":45},"tweenEasing":0}],"offset":0},{"name":"head","scale":1,"frame":[{"z":6,"duration":10,"transform":{"scX":0.25,"x":-0.3,"scY":0.25,"y":-11.5,"pY":0,"pX":0,"skX":0,"skY":0},"tweenEasing":0},{"z":6,"duration":10,"transform":{"scX":0.25,"x":-0.3,"scY":0.25,"y":-10.9,"pY":-0.2,"pX":0,"skX":0,"skY":0},"tweenEasing":0},{"z":6,"duration":1,"transform":{"scX":0.25,"x":-0.3,"scY":0.25,"y":-11.5,"pY":0,"pX":0,"skX":0,"skY":0},"tweenEasing":0}],"offset":0},{"name":"handR","scale":1,"frame":[{"z":7,"duration":10,"transform":{"scX":0.25,"x":-14.25,"scY":0.25,"y":-2.1,"pY":0,"pX":0,"skX":45,"skY":45},"tweenEasing":0},{"z":7,"duration":10,"transform":{"scX":0.25,"x":-13.1,"scY":0.25,"y":-0.55,"pY":0.1,"pX":-0.05,"skX":36.27,"skY":36.27},"tweenEasing":0},{"z":7,"duration":1,"transform":{"scX":0.25,"x":-14.25,"scY":0.25,"y":-2.1,"pY":0,"pX":0,"skX":45,"skY":45},"tweenEasing":0}],"offset":0}],"duration":21,"scale":1,"loop":0,"tweenEasing":null,"name":"stand","fadeInTime":0.3},{"autoTween":1,"timeline":[{"name":"footL","scale":1,"frame":[{"transform":{"scX":0.25,"x":0.35,"scY":0.25,"y":10.1,"pY":0.3,"pX":-0.15,"skX":44.73,"skY":44.73},"z":0,"duration":1},{"transform":{"scX":0.25,"x":0.35,"scY":0.25,"y":10.1,"pY":0.45,"pX":-0.25,"skX":59.73,"skY":59.73},"z":0,"duration":1},{"transform":{"scX":0.25,"x":0.35,"scY":0.25,"y":10.1,"pY":0.4,"pX":-0.25,"skX":74.73,"skY":74.73},"z":0,"duration":1},{"transform":{"scX":0.25,"x":0.35,"scY":0.25,"y":10.1,"pY":0.5,"pX":-0.3,"skX":85.19,"skY":85.19},"z":0,"duration":1},{"transform":{"scX":0.25,"x":0.35,"scY":0.25,"y":10.1,"pY":0.45,"pX":-0.15,"skX":96.38,"skY":96.38},"z":0,"duration":1},{"transform":{"scX":0.25,"x":0.35,"scY":0.25,"y":10.1,"pY":0.5,"pX":-0.3,"skX":85.19,"skY":85.19},"z":0,"duration":1},{"transform":{"scX":0.25,"x":0.35,"scY":0.25,"y":10.1,"pY":0.4,"pX":-0.25,"skX":74.73,"skY":74.73},"z":0,"duration":1},{"transform":{"scX":0.25,"x":0.35,"scY":0.25,"y":10.1,"pY":0.45,"pX":-0.25,"skX":59.73,"skY":59.73},"z":0,"duration":1},{"transform":{"scX":0.25,"x":0.35,"scY":0.25,"y":10.1,"pY":0.35,"pX":0.2,"skX":39.78,"skY":39.78},"z":0,"duration":1},{"transform":{"scX":0.25,"x":0.35,"scY":0.25,"y":10.1,"pY":0.45,"pX":0.1,"skX":24.78,"skY":24.78},"z":0,"duration":1},{"transform":{"scX":0.25,"x":0.35,"scY":0.25,"y":10.1,"pY":0.45,"pX":0.05,"skX":5.32,"skY":5.32},"z":0,"duration":1},{"transform":{"scX":0.25,"x":0.35,"scY":0.25,"y":10.1,"pY":0.45,"pX":-0.3,"skX":-15.14,"skY":-15.14},"z":0,"duration":1},{"transform":{"scX":0.25,"x":0.35,"scY":0.25,"y":10.1,"pY":0.55,"pX":-0.4,"skX":-26.34,"skY":-26.34},"z":0,"duration":1},{"transform":{"scX":0.25,"x":0.35,"scY":0.25,"y":10.1,"pY":0.5,"pX":-0.3,"skX":-41.34,"skY":-41.34},"z":0,"duration":1},{"transform":{"scX":0.25,"x":0.35,"scY":0.25,"y":10.1,"pY":0.25,"pX":-0.35,"skX":-50.32,"skY":-50.32},"z":0,"duration":1},{"transform":{"scX":0.25,"x":0.35,"scY":0.25,"y":10.1,"pY":0.5,"pX":-0.3,"skX":-41.34,"skY":-41.34},"z":0,"duration":1},{"transform":{"scX":0.25,"x":0.35,"scY":0.25,"y":10.1,"pY":0.55,"pX":-0.4,"skX":-26.34,"skY":-26.34},"z":0,"duration":1},{"transform":{"scX":0.25,"x":0.35,"scY":0.25,"y":10.1,"pY":0.45,"pX":-0.3,"skX":-15.14,"skY":-15.14},"z":0,"duration":1},{"transform":{"scX":0.25,"x":0.35,"scY":0.25,"y":10.1,"pY":0.45,"pX":0.05,"skX":5.32,"skY":5.32},"z":0,"duration":1},{"transform":{"scX":0.25,"x":0.35,"scY":0.25,"y":10.1,"pY":0.45,"pX":0.1,"skX":24.78,"skY":24.78},"z":0,"duration":1}],"offset":0},{"name":"handL","scale":1,"frame":[{"transform":{"scX":0.25,"x":8.35,"scY":0.25,"y":3.3,"pY":-0.05,"pX":0.1,"skX":-17.77,"skY":-17.77},"z":1,"duration":1},{"transform":{"scX":0.25,"x":9.9,"scY":0.25,"y":2.7,"pY":-0.15,"pX":0.2,"skX":-27.33,"skY":-27.33},"z":1,"duration":1},{"transform":{"scX":0.25,"x":11.15,"scY":0.25,"y":1.95,"pY":-0.05,"pX":0.3,"skX":-35.82,"skY":-35.82},"z":1,"duration":1},{"transform":{"scX":0.25,"x":12.25,"scY":0.25,"y":1.05,"pY":0.05,"pX":0.25,"skX":-44.05,"skY":-44.05},"z":1,"duration":1},{"transform":{"scX":0.25,"x":14.3,"scY":0.25,"y":-1.95,"pY":0.45,"pX":0.35,"skX":-65.05,"skY":-65.05},"z":1,"duration":1},{"transform":{"scX":0.25,"x":12.25,"scY":0.25,"y":1.05,"pY":0.05,"pX":0.25,"skX":-44.05,"skY":-44.05},"z":1,"duration":1},{"transform":{"scX":0.25,"x":11.15,"scY":0.25,"y":1.95,"pY":-0.05,"pX":0.3,"skX":-35.82,"skY":-35.82},"z":1,"duration":1},{"transform":{"scX":0.25,"x":9.9,"scY":0.25,"y":2.7,"pY":-0.15,"pX":0.2,"skX":-27.33,"skY":-27.33},"z":1,"duration":1},{"transform":{"scX":0.25,"x":8.35,"scY":0.25,"y":3.3,"pY":-0.05,"pX":0.1,"skX":-17.77,"skY":-17.77},"z":1,"duration":1},{"transform":{"scX":0.25,"x":4.3,"scY":0.25,"y":3.7,"pY":-0.05,"pX":0.05,"skX":6.18,"skY":6.18},"z":1,"duration":1},{"transform":{"scX":0.25,"x":0.55,"scY":0.25,"y":2.45,"pY":0,"pX":-0.2,"skX":29.64,"skY":29.64},"z":1,"duration":1},{"transform":{"scX":0.25,"x":-2.35,"scY":0.25,"y":-0.15,"pY":0.1,"pX":-0.3,"skX":52.88,"skY":52.88},"z":1,"duration":1},{"transform":{"scX":0.25,"x":-3.3,"scY":0.25,"y":-1.75,"pY":0.15,"pX":-0.5,"skX":64.09,"skY":64.09},"z":1,"duration":1},{"transform":{"scX":0.25,"x":-4,"scY":0.25,"y":-3.5,"pY":0.05,"pX":-0.55,"skX":75.56,"skY":75.56},"z":1,"duration":1},{"transform":{"scX":0.25,"x":-4.35,"scY":0.25,"y":-5.5,"pY":0.15,"pX":-0.95,"skX":88,"skY":88},"z":1,"duration":1},{"transform":{"scX":0.25,"x":-4,"scY":0.25,"y":-3.5,"pY":0.05,"pX":-0.55,"skX":75.56,"skY":75.56},"z":1,"duration":1},{"transform":{"scX":0.25,"x":-3.3,"scY":0.25,"y":-1.75,"pY":0.15,"pX":-0.5,"skX":64.09,"skY":64.09},"z":1,"duration":1},{"transform":{"scX":0.25,"x":-2.35,"scY":0.25,"y":-0.15,"pY":0.1,"pX":-0.3,"skX":52.88,"skY":52.88},"z":1,"duration":1},{"transform":{"scX":0.25,"x":0.55,"scY":0.25,"y":2.45,"pY":0,"pX":-0.2,"skX":29.64,"skY":29.64},"z":1,"duration":1},{"transform":{"scX":0.25,"x":4.3,"scY":0.25,"y":3.7,"pY":-0.05,"pX":0.05,"skX":6.18,"skY":6.18},"z":1,"duration":1}],"offset":0},{"name":"armL","scale":1,"frame":[{"transform":{"scX":0.25,"x":5.35,"scY":0.25,"y":-6,"pY":0.15,"pX":-0.05,"skX":-17.77,"skY":-17.77},"z":2,"duration":1},{"transform":{"scX":0.25,"x":5.35,"scY":0.25,"y":-6,"pY":0.35,"pX":0.25,"skX":-27.33,"skY":-27.33},"z":2,"duration":1},{"transform":{"scX":0.25,"x":5.35,"scY":0.25,"y":-6,"pY":0.55,"pX":0.25,"skX":-35.82,"skY":-35.82},"z":2,"duration":1},{"transform":{"scX":0.25,"x":5.35,"scY":0.25,"y":-6,"pY":0.55,"pX":0.3,"skX":-44.05,"skY":-44.05},"z":2,"duration":1},{"transform":{"scX":0.25,"x":5.35,"scY":0.25,"y":-6,"pY":0.6,"pX":0.45,"skX":-65.05,"skY":-65.05},"z":2,"duration":1},{"transform":{"scX":0.25,"x":5.35,"scY":0.25,"y":-6,"pY":0.55,"pX":0.3,"skX":-44.05,"skY":-44.05},"z":2,"duration":1},{"transform":{"scX":0.25,"x":5.35,"scY":0.25,"y":-6,"pY":0.55,"pX":0.25,"skX":-35.82,"skY":-35.82},"z":2,"duration":1},{"transform":{"scX":0.25,"x":5.35,"scY":0.25,"y":-6,"pY":0.35,"pX":0.25,"skX":-27.33,"skY":-27.33},"z":2,"duration":1},{"transform":{"scX":0.25,"x":5.35,"scY":0.25,"y":-6,"pY":0.15,"pX":-0.05,"skX":-17.77,"skY":-17.77},"z":2,"duration":1},{"transform":{"scX":0.25,"x":5.35,"scY":0.25,"y":-6,"pY":0.2,"pX":-0.1,"skX":6.18,"skY":6.18},"z":2,"duration":1},{"transform":{"scX":0.25,"x":5.35,"scY":0.25,"y":-6,"pY":0.15,"pX":-0.3,"skX":29.64,"skY":29.64},"z":2,"duration":1},{"transform":{"scX":0.25,"x":5.35,"scY":0.25,"y":-6,"pY":0,"pX":-0.3,"skX":52.88,"skY":52.88},"z":2,"duration":1},{"transform":{"scX":0.25,"x":5.35,"scY":0.25,"y":-6,"pY":-0.05,"pX":-0.35,"skX":64.09,"skY":64.09},"z":2,"duration":1},{"transform":{"scX":0.25,"x":5.35,"scY":0.25,"y":-6,"pY":-0.1,"pX":-0.2,"skX":75.56,"skY":75.56},"z":2,"duration":1},{"transform":{"scX":0.25,"x":5.35,"scY":0.25,"y":-6,"pY":-0.15,"pX":-0.05,"skX":88,"skY":88},"z":2,"duration":1},{"transform":{"scX":0.25,"x":5.35,"scY":0.25,"y":-6,"pY":-0.1,"pX":-0.2,"skX":75.56,"skY":75.56},"z":2,"duration":1},{"transform":{"scX":0.25,"x":5.35,"scY":0.25,"y":-6,"pY":-0.05,"pX":-0.35,"skX":64.09,"skY":64.09},"z":2,"duration":1},{"transform":{"scX":0.25,"x":5.35,"scY":0.25,"y":-6,"pY":0,"pX":-0.3,"skX":52.88,"skY":52.88},"z":2,"duration":1},{"transform":{"scX":0.25,"x":5.35,"scY":0.25,"y":-6,"pY":0.15,"pX":-0.3,"skX":29.64,"skY":29.64},"z":2,"duration":1},{"transform":{"scX":0.25,"x":5.35,"scY":0.25,"y":-6,"pY":0.2,"pX":-0.1,"skX":6.18,"skY":6.18},"z":2,"duration":1}],"offset":0},{"name":"footR","scale":1,"frame":[{"transform":{"scX":0.25,"x":0.5,"scY":0.25,"y":9.8,"pY":-0.1,"pX":-0.1,"skX":-37.49,"skY":-37.49},"z":3,"duration":1},{"transform":{"scX":0.25,"x":0.5,"scY":0.25,"y":9.8,"pY":0,"pX":-0.05,"skX":-45.22,"skY":-45.22},"z":3,"duration":1},{"transform":{"scX":0.25,"x":0.5,"scY":0.25,"y":9.8,"pY":-0.1,"pX":-0.2,"skX":-60.22,"skY":-60.22},"z":3,"duration":1},{"transform":{"scX":0.25,"x":0.5,"scY":0.25,"y":9.8,"pY":-0.1,"pX":-0.05,"skX":-68.46,"skY":-68.46},"z":3,"duration":1},{"transform":{"scX":0.25,"x":0.5,"scY":0.25,"y":9.8,"pY":-0.2,"pX":0.05,"skX":-81.38,"skY":-81.38},"z":3,"duration":1},{"transform":{"scX":0.25,"x":0.5,"scY":0.25,"y":9.8,"pY":-0.1,"pX":-0.05,"skX":-68.46,"skY":-68.46},"z":3,"duration":1},{"transform":{"scX":0.25,"x":0.5,"scY":0.25,"y":9.8,"pY":-0.1,"pX":-0.2,"skX":-60.22,"skY":-60.22},"z":3,"duration":1},{"transform":{"scX":0.25,"x":0.5,"scY":0.25,"y":9.8,"pY":0,"pX":-0.05,"skX":-45.22,"skY":-45.22},"z":3,"duration":1},{"transform":{"scX":0.25,"x":0.5,"scY":0.25,"y":9.8,"pY":-0.15,"pX":-0.2,"skX":-22.49,"skY":-22.49},"z":3,"duration":1},{"transform":{"scX":0.25,"x":0.5,"scY":0.25,"y":9.8,"pY":-0.3,"pX":-0.35,"skX":-7.49,"skY":-7.49},"z":3,"duration":1},{"transform":{"scX":0.25,"x":0.5,"scY":0.25,"y":9.8,"pY":-0.15,"pX":-0.35,"skX":17.24,"skY":17.24},"z":3,"duration":1},{"transform":{"scX":0.25,"x":0.45,"scY":0.25,"y":9.8,"pY":-0.15,"pX":-0.55,"skX":32.24,"skY":32.24},"z":3,"duration":1},{"transform":{"scX":0.25,"x":0.45,"scY":0.25,"y":9.8,"pY":-0.1,"pX":-0.6,"skX":41.98,"skY":41.98},"z":3,"duration":1},{"transform":{"scX":0.25,"x":0.45,"scY":0.25,"y":9.8,"pY":0,"pX":-0.75,"skX":50.92,"skY":50.92},"z":3,"duration":1},{"transform":{"scX":0.25,"x":0.45,"scY":0.25,"y":9.8,"pY":0.2,"pX":-0.65,"skX":61.9,"skY":61.9},"z":3,"duration":1},{"transform":{"scX":0.25,"x":0.45,"scY":0.25,"y":9.8,"pY":0,"pX":-0.75,"skX":50.92,"skY":50.92},"z":3,"duration":1},{"transform":{"scX":0.25,"x":0.45,"scY":0.25,"y":9.8,"pY":-0.1,"pX":-0.6,"skX":41.98,"skY":41.98},"z":3,"duration":1},{"transform":{"scX":0.25,"x":0.45,"scY":0.25,"y":9.8,"pY":-0.15,"pX":-0.55,"skX":32.24,"skY":32.24},"z":3,"duration":1},{"transform":{"scX":0.25,"x":0.5,"scY":0.25,"y":9.8,"pY":-0.15,"pX":-0.35,"skX":17.24,"skY":17.24},"z":3,"duration":1},{"transform":{"scX":0.25,"x":0.5,"scY":0.25,"y":9.8,"pY":-0.3,"pX":-0.35,"skX":-7.49,"skY":-7.49},"z":3,"duration":1}],"offset":0},{"name":"body","scale":1,"frame":[{"transform":{"scX":0.25,"x":0.75,"scY":0.25,"y":0.35,"pY":-0.05,"pX":0.05,"skX":5.98,"skY":5.98},"z":4,"duration":1},{"transform":{"scX":0.25,"x":0.75,"scY":0.25,"y":0.35,"pY":-0.05,"pX":0.05,"skX":5.98,"skY":5.98},"z":4,"duration":1},{"transform":{"scX":0.25,"x":0.75,"scY":0.25,"y":0.35,"pY":-0.05,"pX":0.05,"skX":5.98,"skY":5.98},"z":4,"duration":1},{"transform":{"scX":0.25,"x":0.75,"scY":0.25,"y":0.35,"pY":-0.05,"pX":0.05,"skX":5.98,"skY":5.98},"z":4,"duration":1},{"transform":{"scX":0.25,"x":0.75,"scY":0.25,"y":0.35,"pY":-0.05,"pX":0.05,"skX":5.98,"skY":5.98},"z":4,"duration":1},{"transform":{"scX":0.25,"x":0.75,"scY":0.25,"y":0.35,"pY":-0.05,"pX":0.05,"skX":5.98,"skY":5.98},"z":4,"duration":1},{"transform":{"scX":0.25,"x":0.75,"scY":0.25,"y":0.35,"pY":-0.05,"pX":0.05,"skX":5.98,"skY":5.98},"z":4,"duration":1},{"transform":{"scX":0.25,"x":0.75,"scY":0.25,"y":0.35,"pY":-0.05,"pX":0.05,"skX":5.98,"skY":5.98},"z":4,"duration":1},{"transform":{"scX":0.25,"x":0.75,"scY":0.25,"y":0.35,"pY":-0.05,"pX":0.05,"skX":5.98,"skY":5.98},"z":4,"duration":1},{"transform":{"scX":0.25,"x":0.75,"scY":0.25,"y":0.35,"pY":-0.05,"pX":0.05,"skX":5.98,"skY":5.98},"z":4,"duration":1},{"transform":{"scX":0.25,"x":0.75,"scY":0.25,"y":0.35,"pY":-0.05,"pX":0.05,"skX":5.98,"skY":5.98},"z":4,"duration":1},{"transform":{"scX":0.25,"x":0.75,"scY":0.25,"y":0.35,"pY":-0.05,"pX":0.05,"skX":5.98,"skY":5.98},"z":4,"duration":1},{"transform":{"scX":0.25,"x":0.75,"scY":0.25,"y":0.35,"pY":-0.05,"pX":0.05,"skX":5.98,"skY":5.98},"z":4,"duration":1},{"transform":{"scX":0.25,"x":0.75,"scY":0.25,"y":0.35,"pY":-0.05,"pX":0.05,"skX":5.98,"skY":5.98},"z":4,"duration":1},{"transform":{"scX":0.25,"x":0.75,"scY":0.25,"y":0.35,"pY":-0.05,"pX":0.05,"skX":5.98,"skY":5.98},"z":4,"duration":1},{"transform":{"scX":0.25,"x":0.75,"scY":0.25,"y":0.35,"pY":-0.05,"pX":0.05,"skX":5.98,"skY":5.98},"z":4,"duration":1},{"transform":{"scX":0.25,"x":0.75,"scY":0.25,"y":0.35,"pY":-0.05,"pX":0.05,"skX":5.98,"skY":5.98},"z":4,"duration":1},{"transform":{"scX":0.25,"x":0.75,"scY":0.25,"y":0.35,"pY":-0.05,"pX":0.05,"skX":5.98,"skY":5.98},"z":4,"duration":1},{"transform":{"scX":0.25,"x":0.75,"scY":0.25,"y":0.35,"pY":-0.05,"pX":0.05,"skX":5.98,"skY":5.98},"z":4,"duration":1},{"transform":{"scX":0.25,"x":0.75,"scY":0.25,"y":0.35,"pY":-0.05,"pX":0.05,"skX":5.98,"skY":5.98},"z":4,"duration":1}],"offset":0},{"name":"armR","scale":1,"frame":[{"transform":{"scX":0.25,"x":-2.3,"scY":0.25,"y":-6.8,"pY":0.05,"pX":-0.4,"skX":43.52,"skY":43.52},"z":5,"duration":1},{"transform":{"scX":0.25,"x":-2.3,"scY":0.25,"y":-6.8,"pY":0.4,"pX":-0.45,"skX":56.24,"skY":56.24},"z":5,"duration":1},{"transform":{"scX":0.25,"x":-2.3,"scY":0.25,"y":-6.8,"pY":0.3,"pX":-0.35,"skX":66.45,"skY":66.45},"z":5,"duration":1},{"transform":{"scX":0.25,"x":-2.3,"scY":0.25,"y":-6.8,"pY":0.3,"pX":-0.45,"skX":76.4,"skY":76.4},"z":5,"duration":1},{"transform":{"scX":0.25,"x":-2.3,"scY":0.25,"y":-6.8,"pY":0.35,"pX":-0.3,"skX":86.11,"skY":86.11},"z":5,"duration":1},{"transform":{"scX":0.25,"x":-2.3,"scY":0.25,"y":-6.8,"pY":0.3,"pX":-0.45,"skX":76.4,"skY":76.4},"z":5,"duration":1},{"transform":{"scX":0.25,"x":-2.3,"scY":0.25,"y":-6.8,"pY":0.3,"pX":-0.35,"skX":66.45,"skY":66.45},"z":5,"duration":1},{"transform":{"scX":0.25,"x":-2.3,"scY":0.25,"y":-6.8,"pY":0.4,"pX":-0.45,"skX":56.24,"skY":56.24},"z":5,"duration":1},{"transform":{"scX":0.25,"x":-2.3,"scY":0.25,"y":-6.8,"pY":0.15,"pX":-0.55,"skX":28.52,"skY":28.52},"z":5,"duration":1},{"transform":{"scX":0.25,"x":-2.3,"scY":0.25,"y":-6.8,"pY":0.2,"pX":-0.45,"skX":4.27,"skY":4.27},"z":5,"duration":1},{"transform":{"scX":0.25,"x":-2.3,"scY":0.25,"y":-6.8,"pY":0.1,"pX":-0.35,"skX":-10.73,"skY":-10.73},"z":5,"duration":1},{"transform":{"scX":0.25,"x":-2.3,"scY":0.25,"y":-6.8,"pY":0,"pX":-0.45,"skX":-34.21,"skY":-34.21},"z":5,"duration":1},{"transform":{"scX":0.25,"x":-2.3,"scY":0.25,"y":-6.8,"pY":-0.05,"pX":-0.5,"skX":-49.21,"skY":-49.21},"z":5,"duration":1},{"transform":{"scX":0.25,"x":-2.3,"scY":0.25,"y":-6.8,"pY":0.05,"pX":-0.55,"skX":-55.67,"skY":-55.67},"z":5,"duration":1},{"transform":{"scX":0.25,"x":-2.3,"scY":0.25,"y":-6.8,"pY":-0.05,"pX":-0.5,"skX":-70.67,"skY":-70.67},"z":5,"duration":1},{"transform":{"scX":0.25,"x":-2.3,"scY":0.25,"y":-6.8,"pY":0.05,"pX":-0.55,"skX":-55.67,"skY":-55.67},"z":5,"duration":1},{"transform":{"scX":0.25,"x":-2.3,"scY":0.25,"y":-6.8,"pY":-0.05,"pX":-0.5,"skX":-49.21,"skY":-49.21},"z":5,"duration":1},{"transform":{"scX":0.25,"x":-2.3,"scY":0.25,"y":-6.8,"pY":0,"pX":-0.45,"skX":-34.21,"skY":-34.21},"z":5,"duration":1},{"transform":{"scX":0.25,"x":-2.3,"scY":0.25,"y":-6.8,"pY":0.1,"pX":-0.35,"skX":-10.73,"skY":-10.73},"z":5,"duration":1},{"transform":{"scX":0.25,"x":-2.3,"scY":0.25,"y":-6.8,"pY":0.2,"pX":-0.45,"skX":4.27,"skY":4.27},"z":5,"duration":1}],"offset":0},{"name":"head","scale":1,"frame":[{"transform":{"scX":0.25,"x":2.9,"scY":0.25,"y":-8.95,"pY":-0.1,"pX":0,"skX":1.99,"skY":1.99},"z":6,"duration":1},{"transform":{"scX":0.25,"x":2.9,"scY":0.25,"y":-8.95,"pY":-0.1,"pX":0,"skX":1.99,"skY":1.99},"z":6,"duration":1},{"transform":{"scX":0.25,"x":2.9,"scY":0.25,"y":-8.7,"pY":-0.1,"pX":0,"skX":1.99,"skY":1.99},"z":6,"duration":1},{"transform":{"scX":0.25,"x":3.15,"scY":0.25,"y":-8.7,"pY":-0.1,"pX":0,"skX":1.99,"skY":1.99},"z":6,"duration":1},{"transform":{"scX":0.25,"x":3.4,"scY":0.25,"y":-8.45,"pY":-0.1,"pX":-0.05,"skX":1.99,"skY":1.99},"z":6,"duration":1},{"transform":{"scX":0.25,"x":3.15,"scY":0.25,"y":-8.7,"pY":-0.1,"pX":0,"skX":1.99,"skY":1.99},"z":6,"duration":1},{"transform":{"scX":0.25,"x":2.9,"scY":0.25,"y":-8.7,"pY":-0.1,"pX":0,"skX":1.99,"skY":1.99},"z":6,"duration":1},{"transform":{"scX":0.25,"x":2.9,"scY":0.25,"y":-8.95,"pY":-0.1,"pX":0,"skX":1.99,"skY":1.99},"z":6,"duration":1},{"transform":{"scX":0.25,"x":2.9,"scY":0.25,"y":-8.95,"pY":-0.1,"pX":0,"skX":1.99,"skY":1.99},"z":6,"duration":1},{"transform":{"scX":0.25,"x":2.65,"scY":0.25,"y":-8.95,"pY":-0.1,"pX":0,"skX":1.99,"skY":1.99},"z":6,"duration":1},{"transform":{"scX":0.25,"x":2.4,"scY":0.25,"y":-9.2,"pY":-0.1,"pX":0,"skX":1.99,"skY":1.99},"z":6,"duration":1},{"transform":{"scX":0.25,"x":2.4,"scY":0.25,"y":-9.45,"pY":-0.1,"pX":0,"skX":1.99,"skY":1.99},"z":6,"duration":1},{"transform":{"scX":0.25,"x":2.15,"scY":0.25,"y":-9.45,"pY":-0.1,"pX":0,"skX":1.99,"skY":1.99},"z":6,"duration":1},{"transform":{"scX":0.25,"x":2.15,"scY":0.25,"y":-9.7,"pY":-0.1,"pX":0,"skX":1.99,"skY":1.99},"z":6,"duration":1},{"transform":{"scX":0.25,"x":2.15,"scY":0.25,"y":-9.95,"pY":-0.1,"pX":0,"skX":1.99,"skY":1.99},"z":6,"duration":1},{"transform":{"scX":0.25,"x":2.15,"scY":0.25,"y":-9.7,"pY":-0.1,"pX":0,"skX":1.99,"skY":1.99},"z":6,"duration":1},{"transform":{"scX":0.25,"x":2.15,"scY":0.25,"y":-9.45,"pY":-0.1,"pX":0,"skX":1.99,"skY":1.99},"z":6,"duration":1},{"transform":{"scX":0.25,"x":2.4,"scY":0.25,"y":-9.45,"pY":-0.1,"pX":0,"skX":1.99,"skY":1.99},"z":6,"duration":1},{"transform":{"scX":0.25,"x":2.4,"scY":0.25,"y":-9.2,"pY":-0.1,"pX":0,"skX":1.99,"skY":1.99},"z":6,"duration":1},{"transform":{"scX":0.25,"x":2.65,"scY":0.25,"y":-8.95,"pY":-0.1,"pX":0,"skX":1.99,"skY":1.99},"z":6,"duration":1}],"offset":0},{"name":"handR","scale":1,"frame":[{"transform":{"scX":0.25,"x":-9,"scY":0.25,"y":0.25,"pY":0.1,"pX":-0.2,"skX":43.52,"skY":43.52},"z":7,"duration":1},{"transform":{"scX":0.25,"x":-10.45,"scY":0.25,"y":-1.4,"pY":0.4,"pX":0.05,"skX":56.24,"skY":56.24},"z":7,"duration":1},{"transform":{"scX":0.25,"x":-11.25,"scY":0.25,"y":-2.95,"pY":0.25,"pX":0.05,"skX":66.45,"skY":66.45},"z":7,"duration":1},{"transform":{"scX":0.25,"x":-11.8,"scY":0.25,"y":-4.55,"pY":0.25,"pX":0.25,"skX":76.4,"skY":76.4},"z":7,"duration":1},{"transform":{"scX":0.25,"x":-12.05,"scY":0.25,"y":-6.2,"pY":0.25,"pX":0.45,"skX":86.11,"skY":86.11},"z":7,"duration":1},{"transform":{"scX":0.25,"x":-11.8,"scY":0.25,"y":-4.55,"pY":0.25,"pX":0.25,"skX":76.4,"skY":76.4},"z":7,"duration":1},{"transform":{"scX":0.25,"x":-11.25,"scY":0.25,"y":-2.95,"pY":0.25,"pX":0.05,"skX":66.45,"skY":66.45},"z":7,"duration":1},{"transform":{"scX":0.25,"x":-10.45,"scY":0.25,"y":-1.4,"pY":0.4,"pX":0.05,"skX":56.24,"skY":56.24},"z":7,"duration":1},{"transform":{"scX":0.25,"x":-7,"scY":0.25,"y":1.75,"pY":0,"pX":-0.15,"skX":28.52,"skY":28.52},"z":7,"duration":1},{"transform":{"scX":0.25,"x":-3.1,"scY":0.25,"y":2.95,"pY":0.05,"pX":0,"skX":4.27,"skY":4.27},"z":7,"duration":1},{"transform":{"scX":0.25,"x":-0.6,"scY":0.25,"y":2.8,"pY":0.2,"pX":0.25,"skX":-10.73,"skY":-10.73},"z":7,"duration":1},{"transform":{"scX":0.25,"x":3.05,"scY":0.25,"y":1.35,"pY":0.45,"pX":0.35,"skX":-34.21,"skY":-34.21},"z":7,"duration":1},{"transform":{"scX":0.25,"x":4.95,"scY":0.25,"y":-0.3,"pY":0.45,"pX":0.35,"skX":-49.21,"skY":-49.21},"z":7,"duration":1},{"transform":{"scX":0.25,"x":5.6,"scY":0.25,"y":-1.15,"pY":0.6,"pX":0.55,"skX":-55.67,"skY":-55.67},"z":7,"duration":1},{"transform":{"scX":0.25,"x":6.75,"scY":0.25,"y":-3.4,"pY":0.55,"pX":0.6,"skX":-70.67,"skY":-70.67},"z":7,"duration":1},{"transform":{"scX":0.25,"x":5.6,"scY":0.25,"y":-1.15,"pY":0.6,"pX":0.55,"skX":-55.67,"skY":-55.67},"z":7,"duration":1},{"transform":{"scX":0.25,"x":4.95,"scY":0.25,"y":-0.3,"pY":0.45,"pX":0.35,"skX":-49.21,"skY":-49.21},"z":7,"duration":1},{"transform":{"scX":0.25,"x":3.05,"scY":0.25,"y":1.35,"pY":0.45,"pX":0.35,"skX":-34.21,"skY":-34.21},"z":7,"duration":1},{"transform":{"scX":0.25,"x":-0.6,"scY":0.25,"y":2.8,"pY":0.2,"pX":0.25,"skX":-10.73,"skY":-10.73},"z":7,"duration":1},{"transform":{"scX":0.25,"x":-3.1,"scY":0.25,"y":2.95,"pY":0.05,"pX":0,"skX":4.27,"skY":4.27},"z":7,"duration":1}],"offset":0}],"duration":20,"scale":1,"loop":0,"tweenEasing":null,"name":"run","fadeInTime":0.3},{"autoTween":1,"timeline":[{"name":"footL","scale":1,"frame":[{"transform":{"scX":0.25,"x":19.3,"scY":0.25,"y":3,"pY":-0.05,"pX":0,"skX":-93.99,"skY":-93.99},"z":0,"duration":7}],"offset":0},{"name":"handL","scale":1,"frame":[{"transform":{"scX":0.25,"x":17.6,"scY":0.25,"y":-13.05,"pY":-0.05,"pX":0.1,"skX":-103.01,"skY":-103.01},"z":1,"duration":7}],"offset":0},{"name":"armL","scale":1,"frame":[{"transform":{"scX":0.25,"x":8.1,"scY":0.25,"y":-10.85,"pY":0.1,"pX":-0.15,"skX":-103.01,"skY":-103.01},"z":2,"duration":7}],"offset":0},{"name":"footR","scale":1,"frame":[{"transform":{"scX":0.25,"x":12.7,"scY":0.25,"y":10.1,"pY":-0.15,"pX":0,"skX":-101.48,"skY":-101.48},"z":3,"duration":7}],"offset":0},{"name":"body","scale":1,"frame":[{"transform":{"scX":0.25,"x":7.9,"scY":0.25,"y":-0.95,"pY":0.2,"pX":0.05,"skX":-43.01,"skY":-43.01},"z":4,"duration":7}],"offset":0},{"name":"armR","scale":1,"frame":[{"transform":{"scX":0.25,"x":-2.25,"scY":0.25,"y":-1.1,"pY":0.2,"pX":-0.15,"skX":-113.04,"skY":-113.04},"z":5,"duration":7}],"offset":0},{"name":"head","scale":1,"frame":[{"transform":{"scX":0.25,"x":2.4,"scY":0.25,"y":-8.45,"pY":-0.3,"pX":-0.1,"skX":-32,"skY":-32},"z":6,"duration":7}],"offset":0},{"name":"handR","scale":1,"frame":[{"transform":{"scX":0.25,"x":6.75,"scY":0.25,"y":-4.9,"pY":0.2,"pX":0,"skX":-113.04,"skY":-113.04},"z":7,"duration":7}],"offset":0}],"duration":7,"scale":1,"loop":1,"tweenEasing":null,"name":"fall","fadeInTime":0.3},{"autoTween":1,"timeline":[{"name":"footL","scale":1,"frame":[{"transform":{"scX":0.25,"x":0.35,"scY":0.25,"y":10.1,"pY":0.3,"pX":-0.15,"skX":44.73,"skY":44.73},"z":0,"duration":1},{"transform":{"scX":0.25,"x":0.35,"scY":0.25,"y":10.1,"pY":0.45,"pX":-0.25,"skX":59.73,"skY":59.73},"z":0,"duration":1},{"transform":{"scX":0.25,"x":0.35,"scY":0.25,"y":10.1,"pY":0.4,"pX":-0.25,"skX":74.73,"skY":74.73},"z":0,"duration":1},{"transform":{"scX":0.25,"x":0.35,"scY":0.25,"y":10.1,"pY":0.45,"pX":-0.15,"skX":96.38,"skY":96.38},"z":0,"duration":21},{"transform":{"scX":0.25,"x":0.35,"scY":0.25,"y":10.1,"pY":0.4,"pX":-0.25,"skX":74.73,"skY":74.73},"z":0,"duration":1},{"transform":{"scX":0.25,"x":0.35,"scY":0.25,"y":10.1,"pY":0.45,"pX":-0.25,"skX":59.73,"skY":59.73},"z":0,"duration":1},{"transform":{"scX":0.25,"x":0.35,"scY":0.25,"y":10.1,"pY":0.3,"pX":-0.15,"skX":44.73,"skY":44.73},"z":0,"duration":1}],"offset":0},{"name":"handL","scale":1,"frame":[{"transform":{"scX":0.25,"x":8.35,"scY":0.25,"y":3.3,"pY":-0.05,"pX":0.1,"skX":-17.77,"skY":-17.77},"z":1,"duration":1},{"transform":{"scX":0.25,"x":9.9,"scY":0.25,"y":2.7,"pY":-0.15,"pX":0.2,"skX":-27.33,"skY":-27.33},"z":1,"duration":1},{"transform":{"scX":0.25,"x":11.15,"scY":0.25,"y":1.95,"pY":-0.05,"pX":0.3,"skX":-35.82,"skY":-35.82},"z":1,"duration":1},{"transform":{"scX":0.25,"x":14.3,"scY":0.25,"y":-1.95,"pY":0.45,"pX":0.35,"skX":-65.05,"skY":-65.05},"z":1,"duration":21},{"transform":{"scX":0.25,"x":11.15,"scY":0.25,"y":1.95,"pY":-0.05,"pX":0.3,"skX":-35.82,"skY":-35.82},"z":1,"duration":1},{"transform":{"scX":0.25,"x":9.9,"scY":0.25,"y":2.7,"pY":-0.15,"pX":0.2,"skX":-27.33,"skY":-27.33},"z":1,"duration":1},{"transform":{"scX":0.25,"x":8.35,"scY":0.25,"y":3.3,"pY":-0.05,"pX":0.1,"skX":-17.77,"skY":-17.77},"z":1,"duration":1}],"offset":0},{"name":"armL","scale":1,"frame":[{"transform":{"scX":0.25,"x":5.35,"scY":0.25,"y":-6,"pY":0.15,"pX":-0.05,"skX":-17.77,"skY":-17.77},"z":2,"duration":1},{"transform":{"scX":0.25,"x":5.35,"scY":0.25,"y":-6,"pY":0.35,"pX":0.25,"skX":-27.33,"skY":-27.33},"z":2,"duration":1},{"transform":{"scX":0.25,"x":5.35,"scY":0.25,"y":-6,"pY":0.55,"pX":0.25,"skX":-35.82,"skY":-35.82},"z":2,"duration":1},{"transform":{"scX":0.25,"x":5.35,"scY":0.25,"y":-6,"pY":0.6,"pX":0.45,"skX":-65.05,"skY":-65.05},"z":2,"duration":21},{"transform":{"scX":0.25,"x":5.35,"scY":0.25,"y":-6,"pY":0.55,"pX":0.25,"skX":-35.82,"skY":-35.82},"z":2,"duration":1},{"transform":{"scX":0.25,"x":5.35,"scY":0.25,"y":-6,"pY":0.35,"pX":0.25,"skX":-27.33,"skY":-27.33},"z":2,"duration":1},{"transform":{"scX":0.25,"x":5.35,"scY":0.25,"y":-6,"pY":0.15,"pX":-0.05,"skX":-17.77,"skY":-17.77},"z":2,"duration":1}],"offset":0},{"name":"footR","scale":1,"frame":[{"transform":{"scX":0.25,"x":0.5,"scY":0.25,"y":9.8,"pY":-0.1,"pX":-0.1,"skX":-37.49,"skY":-37.49},"z":3,"duration":1},{"transform":{"scX":0.25,"x":0.5,"scY":0.25,"y":9.8,"pY":0,"pX":-0.05,"skX":-45.22,"skY":-45.22},"z":3,"duration":1},{"transform":{"scX":0.25,"x":0.5,"scY":0.25,"y":9.8,"pY":-0.1,"pX":-0.2,"skX":-60.22,"skY":-60.22},"z":3,"duration":1},{"transform":{"scX":0.25,"x":0.5,"scY":0.25,"y":9.8,"pY":-0.2,"pX":0.05,"skX":-81.38,"skY":-81.38},"z":3,"duration":21},{"transform":{"scX":0.25,"x":0.5,"scY":0.25,"y":9.8,"pY":-0.1,"pX":-0.2,"skX":-60.22,"skY":-60.22},"z":3,"duration":1},{"transform":{"scX":0.25,"x":0.5,"scY":0.25,"y":9.8,"pY":0,"pX":-0.05,"skX":-45.22,"skY":-45.22},"z":3,"duration":1},{"transform":{"scX":0.25,"x":0.5,"scY":0.25,"y":9.8,"pY":-0.1,"pX":-0.1,"skX":-37.49,"skY":-37.49},"z":3,"duration":1}],"offset":0},{"name":"body","scale":1,"frame":[{"transform":{"scX":0.25,"x":0.75,"scY":0.25,"y":0.35,"pY":-0.05,"pX":0.05,"skX":5.98,"skY":5.98},"z":4,"duration":1},{"transform":{"scX":0.25,"x":0.75,"scY":0.25,"y":0.35,"pY":-0.05,"pX":0.05,"skX":5.98,"skY":5.98},"z":4,"duration":1},{"transform":{"scX":0.25,"x":0.75,"scY":0.25,"y":0.35,"pY":-0.05,"pX":0.05,"skX":5.98,"skY":5.98},"z":4,"duration":1},{"transform":{"scX":0.25,"x":0.75,"scY":0.25,"y":0.35,"pY":-0.05,"pX":0.05,"skX":5.98,"skY":5.98},"z":4,"duration":21},{"transform":{"scX":0.25,"x":0.75,"scY":0.25,"y":0.35,"pY":-0.05,"pX":0.05,"skX":5.98,"skY":5.98},"z":4,"duration":1},{"transform":{"scX":0.25,"x":0.75,"scY":0.25,"y":0.35,"pY":-0.05,"pX":0.05,"skX":5.98,"skY":5.98},"z":4,"duration":1},{"transform":{"scX":0.25,"x":0.75,"scY":0.25,"y":0.35,"pY":-0.05,"pX":0.05,"skX":5.98,"skY":5.98},"z":4,"duration":1}],"offset":0},{"name":"armR","scale":1,"frame":[{"transform":{"scX":0.25,"x":-2.3,"scY":0.25,"y":-6.8,"pY":0.05,"pX":-0.4,"skX":43.52,"skY":43.52},"z":5,"duration":1},{"transform":{"scX":0.25,"x":-2.3,"scY":0.25,"y":-6.8,"pY":0.4,"pX":-0.45,"skX":56.24,"skY":56.24},"z":5,"duration":1},{"transform":{"scX":0.25,"x":-2.3,"scY":0.25,"y":-6.8,"pY":0.3,"pX":-0.35,"skX":66.45,"skY":66.45},"z":5,"duration":1},{"transform":{"scX":0.25,"x":-2.3,"scY":0.25,"y":-6.8,"pY":0.35,"pX":-0.3,"skX":86.11,"skY":86.11},"z":5,"duration":21},{"transform":{"scX":0.25,"x":-2.3,"scY":0.25,"y":-6.8,"pY":0.3,"pX":-0.35,"skX":66.45,"skY":66.45},"z":5,"duration":1},{"transform":{"scX":0.25,"x":-2.3,"scY":0.25,"y":-6.8,"pY":0.4,"pX":-0.45,"skX":56.24,"skY":56.24},"z":5,"duration":1},{"transform":{"scX":0.25,"x":-2.3,"scY":0.25,"y":-6.8,"pY":0.05,"pX":-0.4,"skX":43.52,"skY":43.52},"z":5,"duration":1}],"offset":0},{"name":"head","scale":1,"frame":[{"transform":{"scX":0.25,"x":2.9,"scY":0.25,"y":-8.95,"pY":-0.1,"pX":0,"skX":1.99,"skY":1.99},"z":6,"duration":1},{"transform":{"scX":0.25,"x":2.9,"scY":0.25,"y":-8.95,"pY":-0.1,"pX":0,"skX":1.99,"skY":1.99},"z":6,"duration":1},{"transform":{"scX":0.25,"x":2.9,"scY":0.25,"y":-8.7,"pY":-0.1,"pX":0,"skX":1.99,"skY":1.99},"z":6,"duration":1},{"transform":{"scX":0.25,"x":3.4,"scY":0.25,"y":-8.45,"pY":-0.1,"pX":-0.05,"skX":1.99,"skY":1.99},"z":6,"duration":21},{"transform":{"scX":0.25,"x":2.9,"scY":0.25,"y":-8.7,"pY":-0.1,"pX":0,"skX":1.99,"skY":1.99},"z":6,"duration":1},{"transform":{"scX":0.25,"x":2.9,"scY":0.25,"y":-8.95,"pY":-0.1,"pX":0,"skX":1.99,"skY":1.99},"z":6,"duration":1},{"transform":{"scX":0.25,"x":2.9,"scY":0.25,"y":-8.95,"pY":-0.1,"pX":0,"skX":1.99,"skY":1.99},"z":6,"duration":1}],"offset":0},{"name":"handR","scale":1,"frame":[{"transform":{"scX":0.25,"x":-9,"scY":0.25,"y":0.25,"pY":0.1,"pX":-0.2,"skX":43.52,"skY":43.52},"z":7,"duration":1},{"transform":{"scX":0.25,"x":-10.45,"scY":0.25,"y":-1.4,"pY":0.4,"pX":0.05,"skX":56.24,"skY":56.24},"z":7,"duration":1},{"transform":{"scX":0.25,"x":-11.25,"scY":0.25,"y":-2.95,"pY":0.25,"pX":0.05,"skX":66.45,"skY":66.45},"z":7,"duration":1},{"transform":{"scX":0.25,"x":-12.05,"scY":0.25,"y":-6.2,"pY":0.25,"pX":0.45,"skX":86.11,"skY":86.11},"z":7,"duration":21},{"transform":{"scX":0.25,"x":-11.25,"scY":0.25,"y":-2.95,"pY":0.25,"pX":0.05,"skX":66.45,"skY":66.45},"z":7,"duration":1},{"transform":{"scX":0.25,"x":-10.45,"scY":0.25,"y":-1.4,"pY":0.4,"pX":0.05,"skX":56.24,"skY":56.24},"z":7,"duration":1},{"transform":{"scX":0.25,"x":-9,"scY":0.25,"y":0.25,"pY":0.1,"pX":-0.2,"skX":43.52,"skY":43.52},"z":7,"duration":1}],"offset":0}],"duration":27,"scale":1,"loop":0,"tweenEasing":null,"name":"jump","fadeInTime":0.3}]}],"version":2.3}