{
	"frames": {
		"base.png": {
			"x": 1,
			"y": 1,
			"w": 590,
			"h": 298
		},
		"base1.png": {
			"x": 592,
			"y": 1,
			"w": 80,
			"h": 81
		},
		"base2.png": {
			"x": 592,
			"y": 83,
			"w": 80,
			"h": 81
		},
		"bird1.png": {
			"x": 673,
			"y": 1,
			"w": 86,
			"h": 60
		},
		"bird2.png": {
			"x": 673,
			"y": 62,
			"w": 86,
			"h": 60
		},
		"bird3.png": {
			"x": 673,
			"y": 123,
			"w": 86,
			"h": 60
		},
		"click.png": {
			"x": 760,
			"y": 1,
			"w": 286,
			"h": 246
		},
		"flappybird.png": {
			"x": 1047,
			"y": 1,
			"w": 508,
			"h": 158
		},
		"gameover.png": {
			"x": 1,
			"y": 300,
			"w": 508,
			"h": 158
		},
		"getready.png": {
			"x": 510,
			"y": 300,
			"w": 508,
			"h": 158
		},
		"grade.png": {
			"x": 1556,
			"y": 1,
			"w": 290,
			"h": 176
		},
		"gray.png": {
			"x": 1047,
			"y": 160,
			"w": 123,
			"h": 113
		},
		"holdback1.png": {
			"x": 1,
			"y": 459,
			"w": 148,
			"h": 830
		},
		"holdback2.png": {
			"x": 150,
			"y": 459,
			"w": 148,
			"h": 830
		},
		"holdback3.png": {
			"x": 299,
			"y": 459,
			"w": 148,
			"h": 830
		},
		"menu.png": {
			"x": 1171,
			"y": 160,
			"w": 201,
			"h": 83
		},
		"new.png": {
			"x": 673,
			"y": 184,
			"w": 81,
			"h": 36
		},
		"number.png": {
			"x": 1019,
			"y": 300,
			"w": 672,
			"h": 91
		},
		"ok.png": {
			"x": 1556,
			"y": 178,
			"w": 201,
			"h": 83
		},
		"rate.png": {
			"x": 1373,
			"y": 160,
			"w": 178,
			"h": 103
		},
		"share.png": {
			"x": 1847,
			"y": 1,
			"w": 201,
			"h": 83
		},
		"start.png": {
			"x": 448,
			"y": 459,
			"w": 290,
			"h": 176
		},
		"start1.png": {
			"x": 592,
			"y": 165,
			"w": 65,
			"h": 70
		},
		"yellow.png": {
			"x": 1847,
			"y": 85,
			"w": 123,
			"h": 113
		}
	},
	"meta": {
		"image": "flappybird.png"
	}
}
