{"frames": {

"0":
{
	"frame": {"x":2,"y":2,"w":32,"h":41},
	"rotated": false,
	"trimmed": false,
	"spriteSourceSize": {"x":0,"y":0,"w":32,"h":41},
	"sourceSize": {"w":32,"h":41},
	"pivot": {"x":0.5,"y":0.5}
},
"1":
{
	"frame": {"x":36,"y":2,"w":32,"h":41},
	"rotated": false,
	"trimmed": false,
	"spriteSourceSize": {"x":0,"y":0,"w":32,"h":41},
	"sourceSize": {"w":32,"h":41},
	"pivot": {"x":0.5,"y":0.5}
},
"m":
{
	"frame": {"x":70,"y":2,"w":32,"h":41},
	"rotated": false,
	"trimmed": false,
	"spriteSourceSize": {"x":0,"y":0,"w":32,"h":41},
	"sourceSize": {"w":32,"h":41},
	"pivot": {"x":0.5,"y":0.5}
},
"2":
{
	"frame": {"x":2,"y":45,"w":32,"h":41},
	"rotated": false,
	"trimmed": false,
	"spriteSourceSize": {"x":0,"y":0,"w":32,"h":41},
	"sourceSize": {"w":32,"h":41},
	"pivot": {"x":0.5,"y":0.5}
},
"3":
{
	"frame": {"x":36,"y":45,"w":32,"h":41},
	"rotated": false,
	"trimmed": false,
	"spriteSourceSize": {"x":0,"y":0,"w":32,"h":41},
	"sourceSize": {"w":32,"h":41},
	"pivot": {"x":0.5,"y":0.5}
},
"4":
{
	"frame": {"x":70,"y":45,"w":32,"h":41},
	"rotated": false,
	"trimmed": false,
	"spriteSourceSize": {"x":0,"y":0,"w":32,"h":41},
	"sourceSize": {"w":32,"h":41},
	"pivot": {"x":0.5,"y":0.5}
},
"5":
{
	"frame": {"x":2,"y":88,"w":32,"h":41},
	"rotated": false,
	"trimmed": false,
	"spriteSourceSize": {"x":0,"y":0,"w":32,"h":41},
	"sourceSize": {"w":32,"h":41},
	"pivot": {"x":0.5,"y":0.5}
},
"6":
{
	"frame": {"x":36,"y":88,"w":32,"h":41},
	"rotated": false,
	"trimmed": false,
	"spriteSourceSize": {"x":0,"y":0,"w":32,"h":41},
	"sourceSize": {"w":32,"h":41},
	"pivot": {"x":0.5,"y":0.5}
},
"7":
{
	"frame": {"x":70,"y":88,"w":32,"h":41},
	"rotated": false,
	"trimmed": false,
	"spriteSourceSize": {"x":0,"y":0,"w":32,"h":41},
	"sourceSize": {"w":32,"h":41},
	"pivot": {"x":0.5,"y":0.5}
},
"8":
{
	"frame": {"x":2,"y":131,"w":32,"h":41},
	"rotated": false,
	"trimmed": false,
	"spriteSourceSize": {"x":0,"y":0,"w":32,"h":41},
	"sourceSize": {"w":32,"h":41},
	"pivot": {"x":0.5,"y":0.5}
},
"9":
{
	"frame": {"x":36,"y":131,"w":32,"h":41},
	"rotated": false,
	"trimmed": false,
	"spriteSourceSize": {"x":0,"y":0,"w":32,"h":41},
	"sourceSize": {"w":32,"h":41},
	"pivot": {"x":0.5,"y":0.5}
},
"-":
{
	"frame": {"x":70,"y":131,"w":32,"h":41},
	"rotated": false,
	"trimmed": false,
	"spriteSourceSize": {"x":0,"y":0,"w":32,"h":41},
	"sourceSize": {"w":32,"h":41},
	"pivot": {"x":0.5,"y":0.5}
}
},
"meta": {
	"app": "http://www.codeandweb.com/texturepacker",
	"version": "1.0",
	"image": "digits.png",
	"format": "RGBA8888",
	"size": {"w":128,"h":256},
	"scale": "1",
	"smartupdate": "$TexturePacker:SmartUpdate:06753790ee884ada054491f666ef881a:86b4e74be3d6d1c63d269f57e566917b:033b907575d6c9e03ca7456ba6766d50$"
}
}
