{"frames": {

"0.png":
{
	"frame": {"x":2,"y":2,"w":159,"h":158},
	"rotated": false,
	"trimmed": false,
	"spriteSourceSize": {"x":0,"y":0,"w":159,"h":158},
	"sourceSize": {"w":159,"h":158},
	"pivot": {"x":0.5,"y":0.5}
},
"1.png":
{
	"frame": {"x":163,"y":2,"w":159,"h":158},
	"rotated": false,
	"trimmed": false,
	"spriteSourceSize": {"x":0,"y":0,"w":159,"h":158},
	"sourceSize": {"w":159,"h":158},
	"pivot": {"x":0.5,"y":0.5}
},
"10.png":
{
	"frame": {"x":324,"y":2,"w":159,"h":158},
	"rotated": false,
	"trimmed": false,
	"spriteSourceSize": {"x":0,"y":0,"w":159,"h":158},
	"sourceSize": {"w":159,"h":158},
	"pivot": {"x":0.5,"y":0.5}
},
"11.png":
{
	"frame": {"x":485,"y":2,"w":159,"h":158},
	"rotated": false,
	"trimmed": false,
	"spriteSourceSize": {"x":0,"y":0,"w":159,"h":158},
	"sourceSize": {"w":159,"h":158},
	"pivot": {"x":0.5,"y":0.5}
},
"12.png":
{
	"frame": {"x":646,"y":2,"w":159,"h":158},
	"rotated": false,
	"trimmed": false,
	"spriteSourceSize": {"x":0,"y":0,"w":159,"h":158},
	"sourceSize": {"w":159,"h":158},
	"pivot": {"x":0.5,"y":0.5}
},
"13.png":
{
	"frame": {"x":807,"y":2,"w":159,"h":158},
	"rotated": false,
	"trimmed": false,
	"spriteSourceSize": {"x":0,"y":0,"w":159,"h":158},
	"sourceSize": {"w":159,"h":158},
	"pivot": {"x":0.5,"y":0.5}
},
"14.png":
{
	"frame": {"x":2,"y":162,"w":159,"h":158},
	"rotated": false,
	"trimmed": false,
	"spriteSourceSize": {"x":0,"y":0,"w":159,"h":158},
	"sourceSize": {"w":159,"h":158},
	"pivot": {"x":0.5,"y":0.5}
},
"15.png":
{
	"frame": {"x":163,"y":162,"w":159,"h":158},
	"rotated": false,
	"trimmed": false,
	"spriteSourceSize": {"x":0,"y":0,"w":159,"h":158},
	"sourceSize": {"w":159,"h":158},
	"pivot": {"x":0.5,"y":0.5}
},
"16.png":
{
	"frame": {"x":324,"y":162,"w":159,"h":158},
	"rotated": false,
	"trimmed": false,
	"spriteSourceSize": {"x":0,"y":0,"w":159,"h":158},
	"sourceSize": {"w":159,"h":158},
	"pivot": {"x":0.5,"y":0.5}
},
"17.png":
{
	"frame": {"x":485,"y":162,"w":159,"h":158},
	"rotated": false,
	"trimmed": false,
	"spriteSourceSize": {"x":0,"y":0,"w":159,"h":158},
	"sourceSize": {"w":159,"h":158},
	"pivot": {"x":0.5,"y":0.5}
},
"18.png":
{
	"frame": {"x":646,"y":162,"w":159,"h":158},
	"rotated": false,
	"trimmed": false,
	"spriteSourceSize": {"x":0,"y":0,"w":159,"h":158},
	"sourceSize": {"w":159,"h":158},
	"pivot": {"x":0.5,"y":0.5}
},
"19.png":
{
	"frame": {"x":807,"y":162,"w":159,"h":158},
	"rotated": false,
	"trimmed": false,
	"spriteSourceSize": {"x":0,"y":0,"w":159,"h":158},
	"sourceSize": {"w":159,"h":158},
	"pivot": {"x":0.5,"y":0.5}
},
"2.png":
{
	"frame": {"x":2,"y":322,"w":159,"h":158},
	"rotated": false,
	"trimmed": false,
	"spriteSourceSize": {"x":0,"y":0,"w":159,"h":158},
	"sourceSize": {"w":159,"h":158},
	"pivot": {"x":0.5,"y":0.5}
},
"20.png":
{
	"frame": {"x":163,"y":322,"w":159,"h":158},
	"rotated": false,
	"trimmed": false,
	"spriteSourceSize": {"x":0,"y":0,"w":159,"h":158},
	"sourceSize": {"w":159,"h":158},
	"pivot": {"x":0.5,"y":0.5}
},
"21.png":
{
	"frame": {"x":324,"y":322,"w":159,"h":158},
	"rotated": false,
	"trimmed": false,
	"spriteSourceSize": {"x":0,"y":0,"w":159,"h":158},
	"sourceSize": {"w":159,"h":158},
	"pivot": {"x":0.5,"y":0.5}
},
"22.png":
{
	"frame": {"x":324,"y":322,"w":159,"h":158},
	"rotated": false,
	"trimmed": false,
	"spriteSourceSize": {"x":0,"y":0,"w":159,"h":158},
	"sourceSize": {"w":159,"h":158},
	"pivot": {"x":0.5,"y":0.5}
},
"23.png":
{
	"frame": {"x":324,"y":322,"w":159,"h":158},
	"rotated": false,
	"trimmed": false,
	"spriteSourceSize": {"x":0,"y":0,"w":159,"h":158},
	"sourceSize": {"w":159,"h":158},
	"pivot": {"x":0.5,"y":0.5}
},
"3.png":
{
	"frame": {"x":485,"y":322,"w":159,"h":158},
	"rotated": false,
	"trimmed": false,
	"spriteSourceSize": {"x":0,"y":0,"w":159,"h":158},
	"sourceSize": {"w":159,"h":158},
	"pivot": {"x":0.5,"y":0.5}
},
"4.png":
{
	"frame": {"x":646,"y":322,"w":159,"h":158},
	"rotated": false,
	"trimmed": false,
	"spriteSourceSize": {"x":0,"y":0,"w":159,"h":158},
	"sourceSize": {"w":159,"h":158},
	"pivot": {"x":0.5,"y":0.5}
},
"5.png":
{
	"frame": {"x":807,"y":322,"w":159,"h":158},
	"rotated": false,
	"trimmed": false,
	"spriteSourceSize": {"x":0,"y":0,"w":159,"h":158},
	"sourceSize": {"w":159,"h":158},
	"pivot": {"x":0.5,"y":0.5}
},
"6.png":
{
	"frame": {"x":2,"y":482,"w":159,"h":158},
	"rotated": false,
	"trimmed": false,
	"spriteSourceSize": {"x":0,"y":0,"w":159,"h":158},
	"sourceSize": {"w":159,"h":158},
	"pivot": {"x":0.5,"y":0.5}
},
"7.png":
{
	"frame": {"x":163,"y":482,"w":159,"h":158},
	"rotated": false,
	"trimmed": false,
	"spriteSourceSize": {"x":0,"y":0,"w":159,"h":158},
	"sourceSize": {"w":159,"h":158},
	"pivot": {"x":0.5,"y":0.5}
},
"8.png":
{
	"frame": {"x":324,"y":482,"w":159,"h":158},
	"rotated": false,
	"trimmed": false,
	"spriteSourceSize": {"x":0,"y":0,"w":159,"h":158},
	"sourceSize": {"w":159,"h":158},
	"pivot": {"x":0.5,"y":0.5}
},
"9.png":
{
	"frame": {"x":485,"y":482,"w":159,"h":158},
	"rotated": false,
	"trimmed": false,
	"spriteSourceSize": {"x":0,"y":0,"w":159,"h":158},
	"sourceSize": {"w":159,"h":158},
	"pivot": {"x":0.5,"y":0.5}
}},
"meta": {
	"app": "http://www.codeandweb.com/texturepacker",
	"version": "1.0",
	"image": "acorn.png",
	"format": "RGBA8888",
	"size": {"w":1024,"h":1024},
	"scale": "1",
	"smartupdate": "$TexturePacker:SmartUpdate:fff0334bcf011f2bad2c7ad168641f64:b0900ad323f77c6e4902da1db2bbc74c:ad94c01626d1ac5ed001fe6d41c5068c$"
}
}
