{"frames": {

"0.png":
{
	"frame": {"x":338,"y":2,"w":165,"h":45},
	"rotated": false,
	"trimmed": false,
	"spriteSourceSize": {"x":0,"y":0,"w":165,"h":45},
	"sourceSize": {"w":165,"h":45},
	"pivot": {"x":0.5,"y":0.5}
},
"1.png":
{
	"frame": {"x":170,"y":2,"w":166,"h":45},
	"rotated": false,
	"trimmed": false,
	"spriteSourceSize": {"x":0,"y":0,"w":166,"h":45},
	"sourceSize": {"w":166,"h":45},
	"pivot": {"x":0.5,"y":0.5}
},
"10.png":
{
	"frame": {"x":2,"y":238,"w":166,"h":256},
	"rotated": false,
	"trimmed": false,
	"spriteSourceSize": {"x":0,"y":0,"w":166,"h":256},
	"sourceSize": {"w":166,"h":256},
	"pivot": {"x":0.5,"y":0.5}
},
"2.png":
{
	"frame": {"x":170,"y":49,"w":166,"h":76},
	"rotated": false,
	"trimmed": false,
	"spriteSourceSize": {"x":0,"y":0,"w":166,"h":76},
	"sourceSize": {"w":166,"h":76},
	"pivot": {"x":0.5,"y":0.5}
},
"3.png":
{
	"frame": {"x":170,"y":132,"w":166,"h":93},
	"rotated": false,
	"trimmed": false,
	"spriteSourceSize": {"x":0,"y":0,"w":166,"h":93},
	"sourceSize": {"w":166,"h":93},
	"pivot": {"x":0.5,"y":0.5}
},
"4.png":
{
	"frame": {"x":338,"y":132,"w":166,"h":104},
	"rotated": false,
	"trimmed": false,
	"spriteSourceSize": {"x":0,"y":0,"w":166,"h":104},
	"sourceSize": {"w":166,"h":104},
	"pivot": {"x":0.5,"y":0.5}
},
"5.png":
{
	"frame": {"x":2,"y":2,"w":166,"h":44},
	"rotated": false,
	"trimmed": false,
	"spriteSourceSize": {"x":0,"y":0,"w":166,"h":44},
	"sourceSize": {"w":166,"h":44},
	"pivot": {"x":0.5,"y":0.5}
},
"6.png":
{
	"frame": {"x":2,"y":49,"w":166,"h":46},
	"rotated": false,
	"trimmed": false,
	"spriteSourceSize": {"x":0,"y":0,"w":166,"h":46},
	"sourceSize": {"w":166,"h":46},
	"pivot": {"x":0.5,"y":0.5}
},
"7.png":
{
	"frame": {"x":338,"y":49,"w":166,"h":81},
	"rotated": false,
	"trimmed": false,
	"spriteSourceSize": {"x":0,"y":0,"w":166,"h":81},
	"sourceSize": {"w":166,"h":81},
	"pivot": {"x":0.5,"y":0.5}
},
"8.png":
{
	"frame": {"x":2,"y":132,"w":166,"h":82},
	"rotated": false,
	"trimmed": false,
	"spriteSourceSize": {"x":0,"y":0,"w":166,"h":82},
	"sourceSize": {"w":166,"h":82},
	"pivot": {"x":0.5,"y":0.5}
},
"9.png":
{
	"frame": {"x":170,"y":238,"w":166,"h":256},
	"rotated": false,
	"trimmed": false,
	"spriteSourceSize": {"x":0,"y":0,"w":166,"h":256},
	"sourceSize": {"w":166,"h":256},
	"pivot": {"x":0.5,"y":0.5}
}},
"meta": {
	"app": "http://www.codeandweb.com/texturepacker",
	"version": "1.0",
	"image": "branches.png",
	"format": "RGBA8888",
	"size": {"w":512,"h":512},
	"scale": "1",
	"smartupdate": "$TexturePacker:SmartUpdate:2f4898cc295f5f88bbacee114dd0597e:73c2bf68643fa74047bfcfd53ecfbda8:c86ec818bfe9db0b85c1d421095e717f$"
}
}
