{"frames": {

"0.png":
{
	"frame": {"x":2,"y":2,"w":720,"h":480},
	"rotated": false,
	"trimmed": false,
	"spriteSourceSize": {"x":0,"y":0,"w":720,"h":480},
	"sourceSize": {"w":720,"h":480},
	"pivot": {"x":0.5,"y":0.5}
},
"1.png":
{
	"frame": {"x":2,"y":484,"w":720,"h":480},
	"rotated": false,
	"trimmed": false,
	"spriteSourceSize": {"x":0,"y":0,"w":720,"h":480},
	"sourceSize": {"w":720,"h":480},
	"pivot": {"x":0.5,"y":0.5}
},
"2.png":
{
	"frame": {"x":2,"y":966,"w":720,"h":480},
	"rotated": false,
	"trimmed": false,
	"spriteSourceSize": {"x":0,"y":0,"w":720,"h":480},
	"sourceSize": {"w":720,"h":480},
	"pivot": {"x":0.5,"y":0.5}
}},
"meta": {
	"app": "http://www.codeandweb.com/texturepacker",
	"version": "1.0",
	"image": "panels2.png",
	"format": "RGBA8888",
	"size": {"w":1024,"h":2048},
	"scale": "1",
	"smartupdate": "$TexturePacker:SmartUpdate:f36aafd0f2cd5047980ff3157c7d8286:afdae78a25ee1bfd04c944c415ac564b:f31359476f2dc3a652ecf0d7060e1f14$"
}
}
