{"frames": {

"0.png":
{
	"frame": {"x":2,"y":2,"w":720,"h":292},
	"rotated": false,
	"trimmed": false,
	"spriteSourceSize": {"x":0,"y":0,"w":720,"h":292},
	"sourceSize": {"w":720,"h":292},
	"pivot": {"x":0.5,"y":0.5}
},
"1.png":
{
	"frame": {"x":2,"y":296,"w":720,"h":480},
	"rotated": false,
	"trimmed": false,
	"spriteSourceSize": {"x":0,"y":0,"w":720,"h":480},
	"sourceSize": {"w":720,"h":480},
	"pivot": {"x":0.5,"y":0.5}
},
"2.png":
{
	"frame": {"x":2,"y":778,"w":720,"h":480},
	"rotated": false,
	"trimmed": false,
	"spriteSourceSize": {"x":0,"y":0,"w":720,"h":480},
	"sourceSize": {"w":720,"h":480},
	"pivot": {"x":0.5,"y":0.5}
},
"3.png":
{
	"frame": {"x":2,"y":1260,"w":720,"h":480},
	"rotated": false,
	"trimmed": false,
	"spriteSourceSize": {"x":0,"y":0,"w":720,"h":480},
	"sourceSize": {"w":720,"h":480},
	"pivot": {"x":0.5,"y":0.5}
}},
"meta": {
	"app": "http://www.codeandweb.com/texturepacker",
	"version": "1.0",
	"image": "panels1.png",
	"format": "RGBA8888",
	"size": {"w":1024,"h":2048},
	"scale": "1",
	"smartupdate": "$TexturePacker:SmartUpdate:2c0bd06983ab9a9ca17eea5130a17f50:100601c19051a2e2d363454236a8b028:66d578c99f35d3d5ae5f2fa557480958$"
}
}
