{"frames": {

"0.png":
{
	"frame": {"x":2,"y":2,"w":259,"h":183},
	"rotated": false,
	"trimmed": false,
	"spriteSourceSize": {"x":0,"y":0,"w":259,"h":183},
	"sourceSize": {"w":259,"h":183},
	"pivot": {"x":0.5,"y":0.5}
},
"1.png":
{
	"frame": {"x":263,"y":2,"w":259,"h":183},
	"rotated": false,
	"trimmed": false,
	"spriteSourceSize": {"x":0,"y":0,"w":259,"h":183},
	"sourceSize": {"w":259,"h":183},
	"pivot": {"x":0.5,"y":0.5}
},
"10.png":
{
	"frame": {"x":524,"y":2,"w":259,"h":183},
	"rotated": false,
	"trimmed": false,
	"spriteSourceSize": {"x":0,"y":0,"w":259,"h":183},
	"sourceSize": {"w":259,"h":183},
	"pivot": {"x":0.5,"y":0.5}
},
"11.png":
{
	"frame": {"x":2,"y":187,"w":259,"h":183},
	"rotated": false,
	"trimmed": false,
	"spriteSourceSize": {"x":0,"y":0,"w":259,"h":183},
	"sourceSize": {"w":259,"h":183},
	"pivot": {"x":0.5,"y":0.5}
},
"12.png":
{
	"frame": {"x":263,"y":187,"w":259,"h":183},
	"rotated": false,
	"trimmed": false,
	"spriteSourceSize": {"x":0,"y":0,"w":259,"h":183},
	"sourceSize": {"w":259,"h":183},
	"pivot": {"x":0.5,"y":0.5}
},
"13.png":
{
	"frame": {"x":524,"y":187,"w":259,"h":183},
	"rotated": false,
	"trimmed": false,
	"spriteSourceSize": {"x":0,"y":0,"w":259,"h":183},
	"sourceSize": {"w":259,"h":183},
	"pivot": {"x":0.5,"y":0.5}
},
"14.png":
{
	"frame": {"x":2,"y":372,"w":259,"h":183},
	"rotated": false,
	"trimmed": false,
	"spriteSourceSize": {"x":0,"y":0,"w":259,"h":183},
	"sourceSize": {"w":259,"h":183},
	"pivot": {"x":0.5,"y":0.5}
},
"15.png":
{
	"frame": {"x":263,"y":372,"w":259,"h":183},
	"rotated": false,
	"trimmed": false,
	"spriteSourceSize": {"x":0,"y":0,"w":259,"h":183},
	"sourceSize": {"w":259,"h":183},
	"pivot": {"x":0.5,"y":0.5}
},
"16.png":
{
	"frame": {"x":524,"y":372,"w":259,"h":183},
	"rotated": false,
	"trimmed": false,
	"spriteSourceSize": {"x":0,"y":0,"w":259,"h":183},
	"sourceSize": {"w":259,"h":183},
	"pivot": {"x":0.5,"y":0.5}
},
"17.png":
{
	"frame": {"x":2,"y":557,"w":259,"h":183},
	"rotated": false,
	"trimmed": false,
	"spriteSourceSize": {"x":0,"y":0,"w":259,"h":183},
	"sourceSize": {"w":259,"h":183},
	"pivot": {"x":0.5,"y":0.5}
},
"18.png":
{
	"frame": {"x":263,"y":557,"w":259,"h":183},
	"rotated": false,
	"trimmed": false,
	"spriteSourceSize": {"x":0,"y":0,"w":259,"h":183},
	"sourceSize": {"w":259,"h":183},
	"pivot": {"x":0.5,"y":0.5}
},
"19.png":
{
	"frame": {"x":524,"y":557,"w":259,"h":183},
	"rotated": false,
	"trimmed": false,
	"spriteSourceSize": {"x":0,"y":0,"w":259,"h":183},
	"sourceSize": {"w":259,"h":183},
	"pivot": {"x":0.5,"y":0.5}
},
"2.png":
{
	"frame": {"x":2,"y":742,"w":259,"h":183},
	"rotated": false,
	"trimmed": false,
	"spriteSourceSize": {"x":0,"y":0,"w":259,"h":183},
	"sourceSize": {"w":259,"h":183},
	"pivot": {"x":0.5,"y":0.5}
},
"20.png":
{
	"frame": {"x":263,"y":742,"w":259,"h":183},
	"rotated": false,
	"trimmed": false,
	"spriteSourceSize": {"x":0,"y":0,"w":259,"h":183},
	"sourceSize": {"w":259,"h":183},
	"pivot": {"x":0.5,"y":0.5}
},
"21.png":
{
	"frame": {"x":524,"y":742,"w":259,"h":183},
	"rotated": false,
	"trimmed": false,
	"spriteSourceSize": {"x":0,"y":0,"w":259,"h":183},
	"sourceSize": {"w":259,"h":183},
	"pivot": {"x":0.5,"y":0.5}
},
"22.png":
{
	"frame": {"x":2,"y":927,"w":259,"h":183},
	"rotated": false,
	"trimmed": false,
	"spriteSourceSize": {"x":0,"y":0,"w":259,"h":183},
	"sourceSize": {"w":259,"h":183},
	"pivot": {"x":0.5,"y":0.5}
},
"23.png":
{
	"frame": {"x":263,"y":927,"w":259,"h":183},
	"rotated": false,
	"trimmed": false,
	"spriteSourceSize": {"x":0,"y":0,"w":259,"h":183},
	"sourceSize": {"w":259,"h":183},
	"pivot": {"x":0.5,"y":0.5}
},
"24.png":
{
	"frame": {"x":524,"y":927,"w":259,"h":183},
	"rotated": false,
	"trimmed": false,
	"spriteSourceSize": {"x":0,"y":0,"w":259,"h":183},
	"sourceSize": {"w":259,"h":183},
	"pivot": {"x":0.5,"y":0.5}
},
"25.png":
{
	"frame": {"x":2,"y":1112,"w":259,"h":183},
	"rotated": false,
	"trimmed": false,
	"spriteSourceSize": {"x":0,"y":0,"w":259,"h":183},
	"sourceSize": {"w":259,"h":183},
	"pivot": {"x":0.5,"y":0.5}
},
"26.png":
{
	"frame": {"x":263,"y":1112,"w":259,"h":183},
	"rotated": false,
	"trimmed": false,
	"spriteSourceSize": {"x":0,"y":0,"w":259,"h":183},
	"sourceSize": {"w":259,"h":183},
	"pivot": {"x":0.5,"y":0.5}
},
"27.png":
{
	"frame": {"x":524,"y":1112,"w":259,"h":183},
	"rotated": false,
	"trimmed": false,
	"spriteSourceSize": {"x":0,"y":0,"w":259,"h":183},
	"sourceSize": {"w":259,"h":183},
	"pivot": {"x":0.5,"y":0.5}
},
"28.png":
{
	"frame": {"x":2,"y":1297,"w":259,"h":183},
	"rotated": false,
	"trimmed": false,
	"spriteSourceSize": {"x":0,"y":0,"w":259,"h":183},
	"sourceSize": {"w":259,"h":183},
	"pivot": {"x":0.5,"y":0.5}
},
"29.png":
{
	"frame": {"x":263,"y":1297,"w":259,"h":183},
	"rotated": false,
	"trimmed": false,
	"spriteSourceSize": {"x":0,"y":0,"w":259,"h":183},
	"sourceSize": {"w":259,"h":183},
	"pivot": {"x":0.5,"y":0.5}
},
"3.png":
{
	"frame": {"x":524,"y":1297,"w":259,"h":183},
	"rotated": false,
	"trimmed": false,
	"spriteSourceSize": {"x":0,"y":0,"w":259,"h":183},
	"sourceSize": {"w":259,"h":183},
	"pivot": {"x":0.5,"y":0.5}
},
"4.png":
{
	"frame": {"x":2,"y":1482,"w":259,"h":183},
	"rotated": false,
	"trimmed": false,
	"spriteSourceSize": {"x":0,"y":0,"w":259,"h":183},
	"sourceSize": {"w":259,"h":183},
	"pivot": {"x":0.5,"y":0.5}
},
"5.png":
{
	"frame": {"x":263,"y":1482,"w":259,"h":183},
	"rotated": false,
	"trimmed": false,
	"spriteSourceSize": {"x":0,"y":0,"w":259,"h":183},
	"sourceSize": {"w":259,"h":183},
	"pivot": {"x":0.5,"y":0.5}
},
"6.png":
{
	"frame": {"x":524,"y":1482,"w":259,"h":183},
	"rotated": false,
	"trimmed": false,
	"spriteSourceSize": {"x":0,"y":0,"w":259,"h":183},
	"sourceSize": {"w":259,"h":183},
	"pivot": {"x":0.5,"y":0.5}
},
"7.png":
{
	"frame": {"x":2,"y":1667,"w":259,"h":183},
	"rotated": false,
	"trimmed": false,
	"spriteSourceSize": {"x":0,"y":0,"w":259,"h":183},
	"sourceSize": {"w":259,"h":183},
	"pivot": {"x":0.5,"y":0.5}
},
"8.png":
{
	"frame": {"x":263,"y":1667,"w":259,"h":183},
	"rotated": false,
	"trimmed": false,
	"spriteSourceSize": {"x":0,"y":0,"w":259,"h":183},
	"sourceSize": {"w":259,"h":183},
	"pivot": {"x":0.5,"y":0.5}
},
"9.png":
{
	"frame": {"x":524,"y":1667,"w":259,"h":183},
	"rotated": false,
	"trimmed": false,
	"spriteSourceSize": {"x":0,"y":0,"w":259,"h":183},
	"sourceSize": {"w":259,"h":183},
	"pivot": {"x":0.5,"y":0.5}
}},
"meta": {
	"app": "http://www.codeandweb.com/texturepacker",
	"version": "1.0",
	"image": "squirrel1.png",
	"format": "RGBA8888",
	"size": {"w":1024,"h":2048},
	"scale": "1",
	"smartupdate": "$TexturePacker:SmartUpdate:9161c41d54181ee0f6cc7b1c35190476:b463491f34bd00274533e483dcfb71f6:be900c7c321356050ad5f6ea3c122b6c$"
}
}
